{"101_IndolebenzeneTshapecomplex": {"A": -38.0240249295, "B": -60.180253537519995, "AB": -98.20407928743998}, "082_Waterdimer": {"A": -17.632671346113, "B": -17.705848453845, "AB": -35.347720794084}, "085_Formamidedimer": {"A": -33.999294404207, "B": -33.999294404207, "AB": -68.01598703447999}, "100_BenzenedimerTshaped": {"A": -38.01363635469, "B": -38.026455508359994, "AB": -76.03702846640999}, "095_Adeninethyminecomplexstack": {"A": -82.1460135485, "B": -85.26060044303, "AB": -167.40145479942}, "081_Ammoniadimer": {"A": -11.865557837891998, "B": -11.865557837891998, "AB": -23.733209964544997}, "087_2pyridoxine2aminopyridinecomplex": {"A": -58.198518878739996, "B": -52.435105590579994, "AB": -110.6586843474}, "084_Formicaciddimer": {"A": -39.71795134251, "B": -39.71795134251, "AB": -79.48692830402999}, "092_Pyrazinedimer": {"A": -45.50417804238, "B": -45.493144890109996, "AB": -90.99162242760998}, "090_Ethenedimer": {"A": -13.844980800826999, "B": -13.844980800826999, "AB": -27.687499896391}, "099_BenzeneHCNcomplex": {"A": -38.02177074584, "B": -16.369802361079998, "AB": -54.39349654958}, "086_Uracildimerhbonded": {"A": -78.3053792334, "B": -78.3053792334, "AB": -156.64458628878998}, "094_Indolebenzenecomplexstack": {"A": -38.03062174249, "B": -60.198961718439996, "AB": -98.21980050963998}, "097_Benzenewatercomplex": {"A": -38.01962166431999, "B": -17.540957050558, "AB": -55.56114531095999}, "098_Benzeneammoniacomplex": {"A": -38.022699760559995, "B": -11.859786297194999, "AB": -49.88188576284}, "088_AdeninethymineWatsonCrickcomplex": {"A": -82.21052899042999, "B": -85.48532388544, "AB": -167.71652712828998}, "093_Uracildimerstack": {"A": -78.36553477396998, "B": -78.36553477396998, "AB": -156.73104566108998}, "096_Etheneethynecomplex": {"A": -13.840207362969998, "B": -12.593617523454999, "AB": -26.434113035333997}, "091_Benzenedimerparalleldisplaced": {"A": -38.024590496609996, "B": -38.024590496609996, "AB": -76.04131597223999}, "083_BenzeneMethanecomplex": {"A": -38.02118533427, "B": -8.133898713399999, "AB": -46.15264317909}, "102_Phenoldimer": {"A": -54.46557273076999, "B": -54.54982900052, "AB": -109.01752288356998}, "089_Methanedimer": {"A": -8.132251586471, "B": -8.132251586471, "AB": -16.26292414191}}