{"101_IndolebenzeneTshapecomplex": {"A": -38.01817963356, "B": -60.17365231464999, "AB": -98.19398213219999}, "082_Waterdimer": {"A": -17.629676817098996, "B": -17.702651989076, "AB": -35.342899251785994}, "085_Formamidedimer": {"A": -33.994926822306, "B": -33.994926822306, "AB": -68.00972426989999}, "100_BenzenedimerTshaped": {"A": -38.00758820426999, "B": -38.02060065767999, "AB": -76.0270257561}, "095_Adeninethyminecomplexstack": {"A": -82.13975739874, "B": -85.2538654538, "AB": -167.39324507282}, "081_Ammoniadimer": {"A": -11.862255572751998, "B": -11.862255572751998, "AB": -23.727972680809998}, "087_2pyridoxine2aminopyridinecomplex": {"A": -58.19265484080999, "B": -52.42925955966, "AB": -110.64956471555999}, "084_Formicaciddimer": {"A": -39.71399751759999, "B": -39.71399751759999, "AB": -79.48151701377999}, "092_Pyrazinedimer": {"A": -45.49881967069, "B": -45.487816652599996, "AB": -90.98373131484}, "090_Ethenedimer": {"A": -13.840695463187998, "B": -13.840695463187998, "AB": -27.680617029184997}, "099_BenzeneHCNcomplex": {"A": -38.01591332273, "B": -16.366113974197, "AB": -54.38562601625}, "086_Uracildimerhbonded": {"A": -78.29943765508, "B": -78.29943765508, "AB": -156.6353472227}, "094_Indolebenzenecomplexstack": {"A": -38.02482017785999, "B": -60.192367110389995, "AB": -98.21074592353}, "097_Benzenewatercomplex": {"A": -38.01359446082999, "B": -17.538027457027, "AB": -55.55372679032999}, "098_Benzeneammoniacomplex": {"A": -38.01678500900999, "B": -11.856533385961999, "AB": -49.874215511559996}, "088_AdeninethymineWatsonCrickcomplex": {"A": -82.20402698985998, "B": -85.47862932010999, "AB": -167.70622454614}, "093_Uracildimerstack": {"A": -78.35954137956, "B": -78.35954137956, "AB": -156.7228576164}, "096_Etheneethynecomplex": {"A": -13.835895786544999, "B": -12.589922117513, "AB": -26.427135135213998}, "091_Benzenedimerparalleldisplaced": {"A": -38.018788197, "B": -38.018788197, "AB": -76.03233561910999}, "083_BenzeneMethanecomplex": {"A": -38.01533930335, "B": -8.130034409054, "AB": -46.144423897749995}, "102_Phenoldimer": {"A": -54.45950877828, "B": -54.543744836079995, "AB": -109.00780093561998}, "089_Methanedimer": {"A": -8.128382431257, "B": -8.128382431257, "AB": -16.256253757421998}}