{"101_IndolebenzeneTshapecomplex": {"A": -35.706534428682, "B": -56.678992562519994, "AB": -92.38604706305}, "082_Waterdimer": {"A": -16.840571236194, "B": -16.908430102144, "AB": -33.757834327977996}, "085_Formamidedimer": {"A": -32.359110684271, "B": -32.359110684271, "AB": -64.72984147583999}, "100_BenzenedimerTshaped": {"A": -35.69965486888599, "B": -35.711733787449, "AB": -71.40965502226}, "095_Adeninethyminecomplexstack": {"A": -77.85291856309, "B": -80.99369646992, "AB": -158.84321281059}, "081_Ammoniadimer": {"A": -11.197598495901, "B": -11.197598495901, "AB": -22.397695482813997}, "087_2pyridoxine2aminopyridinecomplex": {"A": -55.14084369055, "B": -49.49972298960999, "AB": -104.65825103393999}, "084_Formicaciddimer": {"A": -37.961647176899994, "B": -37.961647176899994, "AB": -75.96617859934999}, "092_Pyrazinedimer": {"A": -43.032015851429996, "B": -43.02016503391, "AB": -86.04793968325}, "090_Ethenedimer": {"A": -12.950629648574997, "B": -12.950629648574997, "AB": -25.900532842917997}, "099_BenzeneHCNcomplex": {"A": -35.70827996943299, "B": -15.544822369625997, "AB": -51.25533002669}, "086_Uracildimerhbonded": {"A": -74.5004355471, "B": -74.5004355471, "AB": -149.02695810682997}, "094_Indolebenzenecomplexstack": {"A": -35.716894118777994, "B": -56.692461806, "AB": -92.40189212937999}, "097_Benzenewatercomplex": {"A": -35.704291637211995, "B": -16.752787834173, "AB": -52.45836917754}, "098_Benzeneammoniacomplex": {"A": -35.707196388419, "B": -11.192444963137, "AB": -46.900213386489995}, "088_AdeninethymineWatsonCrickcomplex": {"A": -77.91371868111999, "B": -81.21360946823, "AB": -159.14240589655998}, "093_Uracildimerstack": {"A": -74.55504529608, "B": -74.55504529608, "AB": -149.11176377413}, "096_Etheneethynecomplex": {"A": -12.945791201736998, "B": -11.845843359105, "AB": -24.792751105708998}, "091_Benzenedimerparalleldisplaced": {"A": -35.709523004358, "B": -35.709523004358, "AB": -71.41314691224}, "083_BenzeneMethanecomplex": {"A": -35.707131269190995, "B": -7.5490257367439995, "AB": -43.25507787155}, "102_Phenoldimer": {"A": -51.485272194589996, "B": -51.566828882799996, "AB": -103.05315283377}, "089_Methanedimer": {"A": -7.548004371786999, "B": -7.548004371786999, "AB": -15.095808792264998}}