{"101_IndolebenzeneTshapecomplex": {"A": -37.969748861439996, "B": -60.10697345909, "AB": -98.07381584211998}, "082_Waterdimer": {"A": -17.641388172164, "B": -17.714944419328997, "AB": -35.364291359172}, "085_Formamidedimer": {"A": -33.996836851580994, "B": -33.996836851580994, "AB": -68.00670129715999}, "100_BenzenedimerTshaped": {"A": -37.95729021545999, "B": -37.971748374529994, "AB": -75.92414619562}, "095_Adeninethyminecomplexstack": {"A": -82.09843645564999, "B": -85.22931418188, "AB": -167.31396866005997}, "081_Ammoniadimer": {"A": -11.862081749982, "B": -11.862081749982, "AB": -23.725295258916997}, "087_2pyridoxine2aminopyridinecomplex": {"A": -58.16148654395, "B": -52.386116968639996, "AB": -110.56726937244999}, "084_Formicaciddimer": {"A": -39.72667041025, "B": -39.72667041025, "AB": -79.49853657815}, "092_Pyrazinedimer": {"A": -45.46748637081999, "B": -45.45545401324, "AB": -90.91341871815999}, "090_Ethenedimer": {"A": -13.825685811875, "B": -13.825685811875, "AB": -27.648185338453995}, "099_BenzeneHCNcomplex": {"A": -37.96712241040999, "B": -16.362888110228, "AB": -54.3299531187}, "086_Uracildimerhbonded": {"A": -78.28568213688999, "B": -78.28568213688999, "AB": -156.60013874077998}, "094_Indolebenzenecomplexstack": {"A": -37.976256741849994, "B": -60.12695242043, "AB": -98.08750557959998}, "097_Benzenewatercomplex": {"A": -37.9643004547, "B": -17.548954073946, "AB": -55.51226693602}, "098_Benzeneammoniacomplex": {"A": -37.96743073451999, "B": -11.856221313453998, "AB": -49.822083380159995}, "088_AdeninethymineWatsonCrickcomplex": {"A": -82.1630503849, "B": -85.45397662095, "AB": -167.63329064328997}, "093_Uracildimerstack": {"A": -78.34746198326, "B": -78.34746198326, "AB": -156.69043103378}, "096_Etheneethynecomplex": {"A": -13.821038165844998, "B": -12.579451739428999, "AB": -26.400565056978998}, "091_Benzenedimerparalleldisplaced": {"A": -37.970085114789995, "B": -37.970085114789995, "AB": -75.9286633827}, "083_BenzeneMethanecomplex": {"A": -37.96621066772, "B": -8.121601028039999, "AB": -46.08437345932}, "102_Phenoldimer": {"A": -54.419335506459994, "B": -54.504202544589994, "AB": -108.92243594853998}, "089_Methanedimer": {"A": -8.119846189792, "B": -8.119846189792, "AB": -16.238533757112}}