{"101_IndolebenzeneTshapecomplex": {"A": -38.06018043315, "B": -60.23301334184, "AB": -98.29465307777998}, "082_Waterdimer": {"A": -17.63812317051, "B": -17.710744155624997, "AB": -35.35913113808999}, "085_Formamidedimer": {"A": -34.015880109883, "B": -34.015880109883, "AB": -68.05154720432999}, "100_BenzenedimerTshaped": {"A": -38.05003697417, "B": -38.06269994459, "AB": -76.11091490333999}, "095_Adeninethyminecomplexstack": {"A": -82.20129580417999, "B": -85.3105066875, "AB": -167.51107412649998}, "081_Ammoniadimer": {"A": -11.872723268159, "B": -11.872723268159, "AB": -23.748475866634998}, "087_2pyridoxine2aminopyridinecomplex": {"A": -58.23806337516999, "B": -52.476789246299994, "AB": -110.74231992653998}, "084_Formicaciddimer": {"A": -39.73279830599999, "B": -39.73279830599999, "AB": -79.51930784793}, "092_Pyrazinedimer": {"A": -45.537955150749994, "B": -45.52697932692, "AB": -91.06146169717}, "090_Ethenedimer": {"A": -13.858461583493, "B": -13.858461583493, "AB": -27.715503883856996}, "099_BenzeneHCNcomplex": {"A": -38.05801591704999, "B": -16.379468707793, "AB": -54.44054813173}, "086_Uracildimerhbonded": {"A": -78.34807605905, "B": -78.34807605905, "AB": -156.73254538778}, "094_Indolebenzenecomplexstack": {"A": -38.06685809393999, "B": -60.25154035019, "AB": -98.31143708105999}, "097_Benzenewatercomplex": {"A": -38.05583596637, "B": -17.546466166646, "AB": -55.603903507439995}, "098_Benzeneammoniacomplex": {"A": -38.05897028858, "B": -11.867039888313, "AB": -49.926310158979994}, "088_AdeninethymineWatsonCrickcomplex": {"A": -82.26563595337998, "B": -85.53551309720999, "AB": -167.82437184615998}, "093_Uracildimerstack": {"A": -78.40800375581999, "B": -78.40800375581999, "AB": -156.81910287991}, "096_Etheneethynecomplex": {"A": -13.853633940861, "B": -12.604855698396, "AB": -26.459237628402995}, "091_Benzenedimerparalleldisplaced": {"A": -38.06080443117, "B": -38.06080443117, "AB": -76.11572608241998}, "083_BenzeneMethanecomplex": {"A": -38.05744777751, "B": -8.142184510429999, "AB": -46.19808001017999}, "102_Phenoldimer": {"A": -54.50636853064999, "B": -54.59059797362999, "AB": -109.10111215897}, "089_Methanedimer": {"A": -8.140541425891, "B": -8.140541425891, "AB": -16.279837869159998}}