{"101_IndolebenzeneTshapecomplex": {"A": -38.31015852333999, "B": -60.62073881119999, "AB": -98.94192240202999}, "082_Waterdimer": {"A": -17.659960933019, "B": -17.72956533972, "AB": -35.405367443675}, "085_Formamidedimer": {"A": -34.11362984070399, "B": -34.11362984070399, "AB": -68.26019185676999}, "100_BenzenedimerTshaped": {"A": -38.29905554797, "B": -38.313146584529996, "AB": -76.61739917608}, "095_Adeninethyminecomplexstack": {"A": -82.62110939786999, "B": -85.65774357861999, "AB": -168.30003914248}, "081_Ammoniadimer": {"A": -11.908183921717, "B": -11.908183921717, "AB": -23.824472100403998}, "087_2pyridoxine2aminopyridinecomplex": {"A": -58.51381647898, "B": -52.76996688845999, "AB": -111.32550781454998}, "084_Formicaciddimer": {"A": -39.81538176127, "B": -39.81538176127, "AB": -79.69889065618999}, "092_Pyrazinedimer": {"A": -45.778843008299994, "B": -45.76654348549, "AB": -91.55333273006}, "090_Ethenedimer": {"A": -13.934164376496998, "B": -13.934164376496998, "AB": -27.872535815263}, "099_BenzeneHCNcomplex": {"A": -38.30797232533, "B": -16.435712170317, "AB": -54.753517315329994}, "086_Uracildimerhbonded": {"A": -78.64728494709, "B": -78.64728494709, "AB": -157.3452607298}, "094_Indolebenzenecomplexstack": {"A": -38.31789749525, "B": -60.639899004819995, "AB": -98.96520620094}, "097_Benzenewatercomplex": {"A": -38.30588314468, "B": -17.568256118706, "AB": -55.88154624483}, "098_Benzeneammoniacomplex": {"A": -38.30918761476, "B": -11.902740145350998, "AB": -50.21739715052999}, "088_AdeninethymineWatsonCrickcomplex": {"A": -82.68573471930999, "B": -85.88362167461, "AB": -168.6070358786}, "093_Uracildimerstack": {"A": -78.70721337883998, "B": -78.70721337883998, "AB": -157.43327862719}, "096_Etheneethynecomplex": {"A": -13.928791341955998, "B": -12.668620946239999, "AB": -26.601233155224}, "091_Benzenedimerparalleldisplaced": {"A": -38.31123894394, "B": -38.31123894394, "AB": -76.62693627655999}, "083_BenzeneMethanecomplex": {"A": -38.30738029894, "B": -8.181591381855, "AB": -46.49245677220999}, "102_Phenoldimer": {"A": -54.786943470749996, "B": -54.871218482489994, "AB": -109.67293247881}, "089_Methanedimer": {"A": -8.180016172719, "B": -8.180016172719, "AB": -16.361440750862997}}