{"101_IndolebenzeneTshapecomplex": {"A": -38.00508633235, "B": -60.14600567446, "AB": -98.15458022189}, "082_Waterdimer": {"A": -17.628047219442998, "B": -17.70046637905, "AB": -35.339870362457}, "085_Formamidedimer": {"A": -33.986310357773995, "B": -33.986310357773995, "AB": -67.99383142987}, "100_BenzenedimerTshaped": {"A": -37.99463344679, "B": -38.00728539251, "AB": -76.00183578656}, "095_Adeninethyminecomplexstack": {"A": -82.10150830456, "B": -85.22457539832999, "AB": -167.32982475109}, "081_Ammoniadimer": {"A": -11.861321339674, "B": -11.861321339674, "AB": -23.726900932973997}, "087_2pyridoxine2aminopyridinecomplex": {"A": -58.172280827719995, "B": -52.40892009062999, "AB": -110.60992026185}, "084_Formicaciddimer": {"A": -39.70352882997, "B": -39.70352882997, "AB": -79.46170673034999}, "092_Pyrazinedimer": {"A": -45.48123600917, "B": -45.47025504048, "AB": -90.95076305196}, "090_Ethenedimer": {"A": -13.840050260994998, "B": -13.840050260994998, "AB": -27.6803831218}, "099_BenzeneHCNcomplex": {"A": -38.00229745074, "B": -16.363404984912997, "AB": -54.37003782542999}, "086_Uracildimerhbonded": {"A": -78.27148563069998, "B": -78.27148563069998, "AB": -156.58064817364996}, "094_Indolebenzenecomplexstack": {"A": -38.01128993104, "B": -60.16504827128, "AB": -98.17271622087999}, "097_Benzenewatercomplex": {"A": -38.00099322873, "B": -17.536567015017997, "AB": -55.54052654953}, "098_Benzeneammoniacomplex": {"A": -38.00405405293999, "B": -11.855643361930998, "AB": -49.86140150274999}, "088_AdeninethymineWatsonCrickcomplex": {"A": -82.16685023149999, "B": -85.44812103528999, "AB": -167.64011015522}, "093_Uracildimerstack": {"A": -78.332110456, "B": -78.332110456, "AB": -156.67091878474}, "096_Etheneethynecomplex": {"A": -13.835395853149, "B": -12.588022782197, "AB": -26.425123494954}, "091_Benzenedimerparalleldisplaced": {"A": -38.00539465646, "B": -38.00539465646, "AB": -76.00760905445999}, "083_BenzeneMethanecomplex": {"A": -38.00194429285, "B": -8.131953331586999, "AB": -46.13379939436}, "102_Phenoldimer": {"A": -54.441065925139995, "B": -54.52522150262999, "AB": -108.97247007953}, "089_Methanedimer": {"A": -8.130399510369, "B": -8.130399510369, "AB": -16.260638537854998}}