{"101_IndolebenzeneTshapecomplex": {"A": -37.77609339111999, "B": -59.805034120349994, "AB": -97.58120982922999}, "082_Waterdimer": {"A": -17.584439202338, "B": -17.657658387675, "AB": -35.252310504602995}, "085_Formamidedimer": {"A": -33.873806307692, "B": -33.873806307692, "AB": -67.76582483179999}, "100_BenzenedimerTshaped": {"A": -37.76537481029, "B": -37.778256069769995, "AB": -75.54099965165999}, "095_Adeninethyminecomplexstack": {"A": -81.72997738451998, "B": -84.88700900655999, "AB": -166.61312517364996}, "081_Ammoniadimer": {"A": -11.813459295077998, "B": -11.813459295077998, "AB": -23.629786555614}, "087_2pyridoxine2aminopyridinecomplex": {"A": -57.91105313364999, "B": -52.14257693576, "AB": -110.07853155929999}, "084_Formicaciddimer": {"A": -39.59779350469999, "B": -39.59779350469999, "AB": -79.24759456169}, "092_Pyrazinedimer": {"A": -45.26061155022, "B": -45.250700712409994, "AB": -90.50623906317999}, "090_Ethenedimer": {"A": -13.757506788636999, "B": -13.757506788636999, "AB": -27.513440720073998}, "099_BenzeneHCNcomplex": {"A": -37.773667589629994, "B": -16.298234859547996, "AB": -54.074081958869996}, "086_Uracildimerhbonded": {"A": -77.97881181733, "B": -77.97881181733, "AB": -155.99219047903998}, "094_Indolebenzenecomplexstack": {"A": -37.78235872812999, "B": -59.823743403739996, "AB": -97.59662529974999}, "097_Benzenewatercomplex": {"A": -37.77135203514, "B": -17.493201945552, "AB": -55.26548637631999}, "098_Benzeneammoniacomplex": {"A": -37.77462967845, "B": -11.807845113598999, "AB": -49.58233584408}, "088_AdeninethymineWatsonCrickcomplex": {"A": -81.79270351763999, "B": -85.1110551649, "AB": -166.92517893966}, "093_Uracildimerstack": {"A": -78.03889459488, "B": -78.03889459488, "AB": -156.07931684569}, "096_Etheneethynecomplex": {"A": -13.752825701016999, "B": -12.519557925236999, "AB": -26.273108757522}, "091_Benzenedimerparalleldisplaced": {"A": -37.77658509274, "B": -37.77658509274, "AB": -75.54564619521999}, "083_BenzeneMethanecomplex": {"A": -37.77304212164999, "B": -8.079830313938999, "AB": -45.85091588208}, "102_Phenoldimer": {"A": -54.17637096291999, "B": -54.26044275268999, "AB": -108.43990981886}, "089_Methanedimer": {"A": -8.078080730798, "B": -8.078080730798, "AB": -16.155106067065}}