{"101_IndolebenzeneTshapecomplex": {"A": -37.969987729939994, "B": -60.09993639307999, "AB": -98.07218933137999}, "082_Waterdimer": {"A": -17.611478455055998, "B": -17.684202925355, "AB": -35.306153595945}, "085_Formamidedimer": {"A": -33.957434169542, "B": -33.957434169542, "AB": -67.93408306821999}, "100_BenzenedimerTshaped": {"A": -37.95883367346, "B": -37.97229813956999, "AB": -75.930085569}, "095_Adeninethyminecomplexstack": {"A": -82.04691950251, "B": -85.15876087925, "AB": -167.20513208667998}, "081_Ammoniadimer": {"A": -11.847604812173, "B": -11.847604812173, "AB": -23.698725915662}, "087_2pyridoxine2aminopyridinecomplex": {"A": -58.12607777998, "B": -52.36627287613, "AB": -110.5191704438}, "084_Formicaciddimer": {"A": -39.67238294999999, "B": -39.67238294999999, "AB": -79.39713983982}, "092_Pyrazinedimer": {"A": -45.445838269899994, "B": -45.434406390979994, "AB": -90.87743703727999}, "090_Ethenedimer": {"A": -13.822135417486999, "B": -13.822135417486999, "AB": -27.643799418801997}, "099_BenzeneHCNcomplex": {"A": -37.967598309959996, "B": -16.348330104124997, "AB": -54.31949839569}, "086_Uracildimerhbonded": {"A": -78.21432256119999, "B": -78.21432256119999, "AB": -156.46419537001998}, "094_Indolebenzenecomplexstack": {"A": -37.976631581650004, "B": -60.118920191499996, "AB": -98.08909350389}, "097_Benzenewatercomplex": {"A": -37.9653698506, "B": -17.519786907131998, "AB": -55.48733531195}, "098_Benzeneammoniacomplex": {"A": -37.96839466079, "B": -11.841859730756, "AB": -49.81132437542999}, "088_AdeninethymineWatsonCrickcomplex": {"A": -82.11143273949999, "B": -85.38325390543, "AB": -167.5177587696}, "093_Uracildimerstack": {"A": -78.27460709076, "B": -78.27460709076, "AB": -156.55320696037}, "096_Etheneethynecomplex": {"A": -13.817386160472, "B": -12.57450528728, "AB": -26.393335609953997}, "091_Benzenedimerparalleldisplaced": {"A": -37.97049376367, "B": -37.97049376367, "AB": -75.9358845612}, "083_BenzeneMethanecomplex": {"A": -37.96687619211, "B": -8.118033288124, "AB": -46.08412172867}, "102_Phenoldimer": {"A": -54.395131145099995, "B": -54.47933670123, "AB": -108.87887368393999}, "089_Methanedimer": {"A": -8.116416185128, "B": -8.116416185128, "AB": -16.23257057038}}