{"101_IndolebenzeneTshapecomplex": {"A": -37.75031690754, "B": -59.78377261890999, "AB": -97.53655501685998}, "082_Waterdimer": {"A": -17.518407239425, "B": -17.589021508646, "AB": -35.118273451468994}, "085_Formamidedimer": {"A": -33.781379706269995, "B": -33.781379706269995, "AB": -67.58410690664}, "100_BenzenedimerTshaped": {"A": -37.73928706268, "B": -37.753128941019995, "AB": -75.49123746327}, "095_Adeninethyminecomplexstack": {"A": -81.65729631478999, "B": -84.74079502528, "AB": -166.39879508341997}, "081_Ammoniadimer": {"A": -11.769569229397998, "B": -11.769569229397998, "AB": -23.54270186233}, "087_2pyridoxine2aminopyridinecomplex": {"A": -57.83148603629999, "B": -52.08881057633, "AB": -109.94960320514998}, "084_Formicaciddimer": {"A": -39.48042601846, "B": -39.48042601846, "AB": -79.01601265340999}, "092_Pyrazinedimer": {"A": -45.212413031779995, "B": -45.19990146723999, "AB": -90.40961748990999}, "090_Ethenedimer": {"A": -13.723724425159999, "B": -13.723724425159999, "AB": -27.446516234197997}, "099_BenzeneHCNcomplex": {"A": -37.748146144109995, "B": -16.258638841019998, "AB": -54.010556902489995}, "086_Uracildimerhbonded": {"A": -77.84311429737998, "B": -77.84311429737998, "AB": -155.72431121596998}, "094_Indolebenzenecomplexstack": {"A": -37.75771999359, "B": -59.80290929316999, "AB": -97.55453373012999}, "097_Benzenewatercomplex": {"A": -37.74588865304, "B": -17.42667493686, "AB": -55.17467739238}, "098_Benzeneammoniacomplex": {"A": -37.749056784329994, "B": -11.76396824081, "AB": -49.51381329119}, "088_AdeninethymineWatsonCrickcomplex": {"A": -81.72232771268, "B": -84.96621192131998, "AB": -166.71358260754}, "093_Uracildimerstack": {"A": -77.90317465803999, "B": -77.90317465803999, "AB": -155.81060779019998}, "096_Etheneethynecomplex": {"A": -13.718603121268998, "B": -12.493825283213999, "AB": -26.213517681592}, "091_Benzenedimerparalleldisplaced": {"A": -37.75116066458, "B": -37.75116066458, "AB": -75.49707430694}, "083_BenzeneMethanecomplex": {"A": -37.747476209839995, "B": -8.047446801147, "AB": -45.79381785830999}, "102_Phenoldimer": {"A": -54.10748532990999, "B": -54.191688313609994, "AB": -108.30427256726999}, "089_Methanedimer": {"A": -8.045940716879999, "B": -8.045940716879999, "AB": -16.090998575784}}