{"101_IndolebenzeneTshapecomplex": {"A": -37.81552617059, "B": -59.85933664768999, "AB": -97.67226429649}, "082_Waterdimer": {"A": -17.595886626084997, "B": -17.669788754838, "AB": -35.273899402884}, "085_Formamidedimer": {"A": -33.897034431867, "B": -33.897034431867, "AB": -67.80802554594999}, "100_BenzenedimerTshaped": {"A": -37.80541872563, "B": -37.81773588796, "AB": -75.61857054333}, "095_Adeninethyminecomplexstack": {"A": -81.78722754914999, "B": -84.94210310736, "AB": -166.71872379264}, "081_Ammoniadimer": {"A": -11.826502433903, "B": -11.826502433903, "AB": -23.654181350292}, "087_2pyridoxine2aminopyridinecomplex": {"A": -57.95437726473, "B": -52.186783410329994, "AB": -110.16187167647999}, "084_Formicaciddimer": {"A": -39.61945887765, "B": -39.61945887765, "AB": -79.28615932977999}, "092_Pyrazinedimer": {"A": -45.29793934696999, "B": -45.28789033291999, "AB": -90.57748434947999}, "090_Ethenedimer": {"A": -13.776580695604999, "B": -13.776580695604999, "AB": -27.549875332379}, "099_BenzeneHCNcomplex": {"A": -37.81324920255, "B": -16.313821764152998, "AB": -54.12728422115}, "086_Uracildimerhbonded": {"A": -78.02630769488998, "B": -78.02630769488998, "AB": -156.08254928772996}, "094_Indolebenzenecomplexstack": {"A": -37.82166803096, "B": -59.87766704889, "AB": -97.68589009070999}, "097_Benzenewatercomplex": {"A": -37.811082114019996, "B": -17.504544230409998, "AB": -55.31491084139999}, "098_Benzeneammoniacomplex": {"A": -37.81413632341, "B": -11.820777564435998, "AB": -49.63332508157999}, "088_AdeninethymineWatsonCrickcomplex": {"A": -81.85054607614998, "B": -85.16614228338999, "AB": -167.03354512584}, "093_Uracildimerstack": {"A": -78.08635409092999, "B": -78.08635409092999, "AB": -156.16933499115}, "096_Etheneethynecomplex": {"A": -13.771998720037999, "B": -12.535539587599999, "AB": -26.30737543607}, "091_Benzenedimerparalleldisplaced": {"A": -37.81593886186, "B": -37.81593886186, "AB": -75.62160417327999}, "083_BenzeneMethanecomplex": {"A": -37.81264504899, "B": -8.094449360131, "AB": -45.90372603253}, "102_Phenoldimer": {"A": -54.22050614442999, "B": -54.3045742593, "AB": -108.52479743642999}, "089_Methanedimer": {"A": -8.092728477959, "B": -8.092728477959, "AB": -16.183704543104}}