{"101_IndolebenzeneTshapecomplex": {"A": -37.99869972364, "B": -60.147477471909994, "AB": -98.1508645305}, "082_Waterdimer": {"A": -17.621338762990998, "B": -17.693985288660997, "AB": -35.327327304023996}, "085_Formamidedimer": {"A": -33.980042705577, "B": -33.980042705577, "AB": -67.98270052526}, "100_BenzenedimerTshaped": {"A": -37.987727942199996, "B": -38.001078486409995, "AB": -75.98963989593}, "095_Adeninethyminecomplexstack": {"A": -82.10977315466, "B": -85.22221060017999, "AB": -167.33695479207}, "081_Ammoniadimer": {"A": -11.854175937612, "B": -11.854175937612, "AB": -23.71322640958}, "087_2pyridoxine2aminopyridinecomplex": {"A": -58.16899289469, "B": -52.406310176649995, "AB": -110.60582789320999}, "084_Formicaciddimer": {"A": -39.69868972165, "B": -39.69868972165, "AB": -79.45370169568}, "092_Pyrazinedimer": {"A": -45.479127719039994, "B": -45.46805193792999, "AB": -90.94730644102}, "090_Ethenedimer": {"A": -13.830229641979999, "B": -13.830229641979999, "AB": -27.661448126051997}, "099_BenzeneHCNcomplex": {"A": -37.99636652963, "B": -16.356912869824, "AB": -54.3586467379}, "086_Uracildimerhbonded": {"A": -78.27146174385, "B": -78.27146174385, "AB": -156.58230224614}, "094_Indolebenzenecomplexstack": {"A": -38.005406783629994, "B": -60.16622938413999, "AB": -98.16886419069999}, "097_Benzenewatercomplex": {"A": -37.994114918399994, "B": -17.529715531458, "AB": -55.52755672495999}, "098_Benzeneammoniacomplex": {"A": -37.9972349085, "B": -11.848492925255998, "AB": -49.84818031502}, "088_AdeninethymineWatsonCrickcomplex": {"A": -82.17388729750999, "B": -85.44697850888, "AB": -167.64762348826997}, "093_Uracildimerstack": {"A": -78.33157686052, "B": -78.33157686052, "AB": -156.67111392193}, "096_Etheneethynecomplex": {"A": -13.825396744240997, "B": -12.581074759014, "AB": -26.408804476771}, "091_Benzenedimerparalleldisplaced": {"A": -37.999322619189996, "B": -37.999322619189996, "AB": -75.99622899162999}, "083_BenzeneMethanecomplex": {"A": -37.99575539376, "B": -8.121772903113, "AB": -46.118106836379994}, "102_Phenoldimer": {"A": -54.435999340509994, "B": -54.52024091066, "AB": -108.96341255349999}, "089_Methanedimer": {"A": -8.120114824982, "B": -8.120114824982, "AB": -16.240747480122998}}