{"101_IndolebenzeneTshapecomplex": {"A": -37.86894745691, "B": -59.95846781017, "AB": -97.82927844138}, "082_Waterdimer": {"A": -17.570804661856, "B": -17.642866804927998, "AB": -35.223969271563995}, "085_Formamidedimer": {"A": -33.88025730065, "B": -33.88025730065, "AB": -67.78083055097}, "100_BenzenedimerTshaped": {"A": -37.85830531399999, "B": -37.87158309519, "AB": -75.72824830132001}, "095_Adeninethyminecomplexstack": {"A": -81.87767198300999, "B": -84.97813403189998, "AB": -166.85541574053}, "081_Ammoniadimer": {"A": -11.811105411380998, "B": -11.811105411380998, "AB": -23.625299576211997}, "087_2pyridoxine2aminopyridinecomplex": {"A": -57.9963971738, "B": -52.24181467034, "AB": -110.26661404376999}, "084_Formicaciddimer": {"A": -39.59076636091999, "B": -39.59076636091999, "AB": -79.23576799850998}, "092_Pyrazinedimer": {"A": -45.34147992966, "B": -45.329780518019994, "AB": -90.66792069855998}, "090_Ethenedimer": {"A": -13.774490632979, "B": -13.774490632979, "AB": -27.547537103756}, "099_BenzeneHCNcomplex": {"A": -37.86676824120999, "B": -16.306791864198, "AB": -54.17695343456999}, "086_Uracildimerhbonded": {"A": -78.05540151069998, "B": -78.05540151069998, "AB": -156.14784491093}, "094_Indolebenzenecomplexstack": {"A": -37.87596945583, "B": -59.97734466899999, "AB": -97.84662323439998}, "097_Benzenewatercomplex": {"A": -37.8645489691, "B": -17.479042041365997, "AB": -55.34533791092999}, "098_Benzeneammoniacomplex": {"A": -37.867672634099996, "B": -11.805393293817, "AB": -49.673461604399996}, "088_AdeninethymineWatsonCrickcomplex": {"A": -81.94250567127999, "B": -85.20329552239, "AB": -167.16968841116}, "093_Uracildimerstack": {"A": -78.11540785033, "B": -78.11540785033, "AB": -156.23400441139}, "096_Etheneethynecomplex": {"A": -13.769528672751997, "B": -12.535457857824, "AB": -26.305805886279998}, "091_Benzenedimerparalleldisplaced": {"A": -37.8696717797, "B": -37.8696717797, "AB": -75.73359307588}, "083_BenzeneMethanecomplex": {"A": -37.86614644813, "B": -8.083130741628999, "AB": -45.94779433085999}, "102_Phenoldimer": {"A": -54.26725711975999, "B": -54.351503099789994, "AB": -108.62309733653}, "089_Methanedimer": {"A": -8.081539509929, "B": -8.081539509929, "AB": -16.161880377724998}}