{"101_IndolebenzeneTshapecomplex": {"A": -37.94103980766, "B": -60.061113279519994, "AB": -98.00631491143}, "082_Waterdimer": {"A": -17.599285614592997, "B": -17.671642558143, "AB": -35.282509326094}, "085_Formamidedimer": {"A": -33.935429750317994, "B": -33.935429750317994, "AB": -67.89273897326}, "100_BenzenedimerTshaped": {"A": -37.929912945439995, "B": -37.94343767991, "AB": -75.87368467376}, "095_Adeninethyminecomplexstack": {"A": -82.00222242878999, "B": -85.11097137717998, "AB": -167.11732292360998}, "081_Ammoniadimer": {"A": -11.835900549665, "B": -11.835900549665, "AB": -23.676304946522997}, "087_2pyridoxine2aminopyridinecomplex": {"A": -58.090770443249994, "B": -52.331978709329995, "AB": -110.45243352482}, "084_Formicaciddimer": {"A": -39.649733071339995, "B": -39.649733071339995, "AB": -79.35484321078}, "092_Pyrazinedimer": {"A": -45.41674886397, "B": -45.40527876609, "AB": -90.82158406962999}, "090_Ethenedimer": {"A": -13.806859887158998, "B": -13.806859887158998, "AB": -27.614325508084995}, "099_BenzeneHCNcomplex": {"A": -37.93866398480999, "B": -16.335174880849998, "AB": -54.278748899549996}, "086_Uracildimerhbonded": {"A": -78.17236071555, "B": -78.17236071555, "AB": -156.38317962709}, "094_Indolebenzenecomplexstack": {"A": -37.94781705824, "B": -60.08009854789999, "AB": -98.02450235901999}, "097_Benzenewatercomplex": {"A": -37.936521885599994, "B": -17.507605458859, "AB": -55.44746044200999}, "098_Benzeneammoniacomplex": {"A": -37.93956801021, "B": -11.830195928897, "AB": -49.7718276527}, "088_AdeninethymineWatsonCrickcomplex": {"A": -82.06674191311, "B": -85.3356136043, "AB": -167.4283153785}, "093_Uracildimerstack": {"A": -78.23260849610999, "B": -78.23260849610999, "AB": -156.47245470777}, "096_Etheneethynecomplex": {"A": -13.802033200000999, "B": -12.561738353938999, "AB": -26.365764893197998}, "091_Benzenedimerparalleldisplaced": {"A": -37.941629261619994, "B": -37.941629261619994, "AB": -75.88029398140999}, "083_BenzeneMethanecomplex": {"A": -37.937964651339996, "B": -8.106152667164999, "AB": -46.044300144779996}, "102_Phenoldimer": {"A": -54.35997521424999, "B": -54.44418885516, "AB": -108.81074214040999}, "089_Methanedimer": {"A": -8.104542105491, "B": -8.104542105491, "AB": -16.209235469865998}}