{"101_IndolebenzeneTshapecomplex": {"A": -37.527453332019995, "B": -59.44019004835, "AB": -96.96961680167}, "082_Waterdimer": {"A": -17.428905086674, "B": -17.499361114701, "AB": -34.937339566224}, "085_Formamidedimer": {"A": -33.609956829714996, "B": -33.609956572472, "AB": -67.23606888731999}, "100_BenzenedimerTshaped": {"A": -37.51140688117, "B": -37.530233026379996, "AB": -75.04020375662999}, "095_Adeninethyminecomplexstack": {"A": -81.21955876384, "B": -84.29849324853, "AB": -165.51534067115}, "081_Ammoniadimer": {"A": -11.700865981675, "B": -11.700865687682999, "AB": -23.404335556501998}, "087_2pyridoxine2aminopyridinecomplex": {"A": -57.52009999962, "B": -51.79494021551999, "AB": -109.33753648297998}, "084_Formicaciddimer": {"A": -39.28898835028999, "B": -39.288989085269996, "AB": -78.62507495396}, "092_Pyrazinedimer": {"A": -44.96716821278999, "B": -44.955111968359994, "AB": -89.91818450509999}, "090_Ethenedimer": {"A": -13.642289817127999, "B": -13.6422908461, "AB": -27.283439717025}, "099_BenzeneHCNcomplex": {"A": -37.52389713129, "B": -16.176083939723, "AB": -53.703088309209996}, "086_Uracildimerhbonded": {"A": -77.44564299322, "B": -77.44564336071, "AB": -154.92192215777996}, "094_Indolebenzenecomplexstack": {"A": -37.534647683749995, "B": -59.461439422619996, "AB": -96.98904893788999}, "097_Benzenewatercomplex": {"A": -37.52067865387, "B": -17.340958188351998, "AB": -54.86321859268}, "098_Benzeneammoniacomplex": {"A": -37.524870244809996, "B": -11.695352124965998, "AB": -49.22083813601999}, "088_AdeninethymineWatsonCrickcomplex": {"A": -81.28075981346, "B": -84.51884686734999, "AB": -165.81888410373998}, "093_Uracildimerstack": {"A": -77.50636887827, "B": -77.50636998073999, "AB": -155.01516723293}, "096_Etheneethynecomplex": {"A": -13.637500062715, "B": -12.420641744406998, "AB": -26.059073063531}, "091_Benzenedimerparalleldisplaced": {"A": -37.528197866759996, "B": -37.528198601739994, "AB": -75.05020903936999}, "083_BenzeneMethanecomplex": {"A": -37.522370577829996, "B": -7.998138095417, "AB": -45.51917236936}, "102_Phenoldimer": {"A": -53.807686987909996, "B": -53.8876017308, "AB": -107.69847228457999}, "089_Methanedimer": {"A": -7.996012202516, "B": -7.9960124965079995, "AB": -15.991608369602998}}