{"101_IndolebenzeneTshapecomplex": {"A": -34.873169969132995, "B": -55.415497631769995, "AB": -90.28766225851}, "082_Waterdimer": {"A": -16.552750973501, "B": -16.615637148515997, "AB": -33.17583350616599}, "085_Formamidedimer": {"A": -31.759759483590997, "B": -31.759759483590997, "AB": -63.52640727324}, "100_BenzenedimerTshaped": {"A": -34.864656107809, "B": -34.876744103374996, "AB": -69.73856480533999}, "095_Adeninethyminecomplexstack": {"A": -76.29829401194999, "B": -79.43578325077, "AB": -155.72822865937}, "081_Ammoniadimer": {"A": -10.955206391533999, "B": -10.955206391533999, "AB": -21.912148107597}, "087_2pyridoxine2aminopyridinecomplex": {"A": -54.03064794827999, "B": -48.435606083459994, "AB": -102.47905958828}, "084_Formicaciddimer": {"A": -37.31209463728, "B": -37.31209463728, "AB": -74.66099192809999}, "092_Pyrazinedimer": {"A": -42.13477247938, "B": -42.12306388049, "AB": -84.25226080159}, "090_Ethenedimer": {"A": -12.627545155728999, "B": -12.627545155728999, "AB": -25.253825263882}, "099_BenzeneHCNcomplex": {"A": -34.872968584613, "B": -15.244298749361999, "AB": -50.117938186969994}, "086_Uracildimerhbonded": {"A": -73.11716496814, "B": -73.11716496814, "AB": -146.25589241203}, "094_Indolebenzenecomplexstack": {"A": -34.881003202227994, "B": -55.429435424999994, "AB": -90.30144313350999}, "097_Benzenewatercomplex": {"A": -34.869198210711, "B": -16.466438927941997, "AB": -51.33588603963}, "098_Benzeneammoniacomplex": {"A": -34.87212714275999, "B": -10.950515749174, "AB": -45.82240049552999}, "088_AdeninethymineWatsonCrickcomplex": {"A": -76.35832901579998, "B": -79.65907752457, "AB": -156.02875463157}, "093_Uracildimerstack": {"A": -73.16699293724, "B": -73.16699293724, "AB": -146.33391090651998}, "096_Etheneethynecomplex": {"A": -12.622797846410998, "B": -11.576128667229998, "AB": -24.199252256777}, "091_Benzenedimerparalleldisplaced": {"A": -34.874355124383, "B": -34.874355124383, "AB": -69.7417340391}, "083_BenzeneMethanecomplex": {"A": -34.87170544798499, "B": -7.339031293533999, "AB": -42.208951805839995}, "102_Phenoldimer": {"A": -50.40620579523999, "B": -50.48495044997, "AB": -100.89001886365999}, "089_Methanedimer": {"A": -7.338843285649999, "B": -7.338843285649999, "AB": -14.677003370640998}}