{"101_IndolebenzeneTshapecomplex": {"A": -38.31499652919, "B": -60.61880250639, "AB": -98.93620278766998}, "082_Waterdimer": {"A": -17.738387084166, "B": -17.809948081125, "AB": -35.558758541403996}, "085_Formamidedimer": {"A": -34.208695534811994, "B": -34.208695534811994, "AB": -68.43523836847}, "100_BenzenedimerTshaped": {"A": -38.30151332109, "B": -38.31575943843, "AB": -76.61661458492999}, "095_Adeninethyminecomplexstack": {"A": -82.69443357509999, "B": -85.80262063127999, "AB": -168.49443804506998}, "081_Ammoniadimer": {"A": -11.951200353419999, "B": -11.951200353419999, "AB": -23.906248216893}, "087_2pyridoxine2aminopyridinecomplex": {"A": -58.58622560611, "B": -52.80494532163999, "AB": -111.41645203480999}, "084_Formicaciddimer": {"A": -39.94153225851, "B": -39.94153225851, "AB": -79.93280245107}, "092_Pyrazinedimer": {"A": -45.81690945995, "B": -45.80445889874999, "AB": -91.61867134958999}, "090_Ethenedimer": {"A": -13.957999006168, "B": -13.957999006168, "AB": -27.916546674905998}, "099_BenzeneHCNcomplex": {"A": -38.310646917549995, "B": -16.476263515849, "AB": -54.7901204218}, "086_Uracildimerhbonded": {"A": -78.79236779415, "B": -78.79236779415, "AB": -157.61888202411998}, "094_Indolebenzenecomplexstack": {"A": -38.31961881841, "B": -60.64026575983999, "AB": -98.95262444580999}, "097_Benzenewatercomplex": {"A": -38.30895315613999, "B": -17.645500238268, "AB": -55.956899701839994}, "098_Benzeneammoniacomplex": {"A": -38.312034927279996, "B": -11.945505581384, "AB": -50.25930975252}, "088_AdeninethymineWatsonCrickcomplex": {"A": -82.76095257251, "B": -86.02916608910999, "AB": -168.81258626524}, "093_Uracildimerstack": {"A": -78.85445816957, "B": -78.85445816957, "AB": -157.71316121612998}, "096_Etheneethynecomplex": {"A": -13.953358967181, "B": -12.689673051878, "AB": -26.645106316364}, "091_Benzenedimerparalleldisplaced": {"A": -38.31399181153, "B": -38.31399181153, "AB": -76.6232194827}, "083_BenzeneMethanecomplex": {"A": -38.30997073595, "B": -8.208111665194998, "AB": -46.517949920999996}, "102_Phenoldimer": {"A": -54.84169837827999, "B": -54.926570193779995, "AB": -109.77238593002}, "089_Methanedimer": {"A": -8.206529363502, "B": -8.206529363502, "AB": -16.414017545163}}