{"101_IndolebenzeneTshapecomplex": {"A": -37.819380773199995, "B": -59.86775621107999, "AB": -97.68792194292}, "082_Waterdimer": {"A": -17.600980698967, "B": -17.674427397362997, "AB": -35.286051709199995}, "085_Formamidedimer": {"A": -33.906563190324, "B": -33.906563190324, "AB": -67.83177826209999}, "100_BenzenedimerTshaped": {"A": -37.80852769103, "B": -37.821462236559995, "AB": -75.62800989146999}, "095_Adeninethyminecomplexstack": {"A": -81.80624589162998, "B": -84.96692999678, "AB": -166.77047263196997}, "081_Ammoniadimer": {"A": -11.827840391495, "B": -11.827840391495, "AB": -23.65902163458}, "087_2pyridoxine2aminopyridinecomplex": {"A": -57.96789317944, "B": -52.19700404221, "AB": -110.19016914145999}, "084_Formicaciddimer": {"A": -39.63294171826, "B": -39.63294171826, "AB": -79.31821548248}, "092_Pyrazinedimer": {"A": -45.306177002809996, "B": -45.296446602589995, "AB": -90.59836660123999}, "090_Ethenedimer": {"A": -13.776329295696, "B": -13.776329295696, "AB": -27.551758424636997}, "099_BenzeneHCNcomplex": {"A": -37.816913077849996, "B": -16.314931657450998, "AB": -54.134524509129996}, "086_Uracildimerhbonded": {"A": -78.04940260394, "B": -78.04940260394, "AB": -156.13378768344998}, "094_Indolebenzenecomplexstack": {"A": -37.82555497269, "B": -59.88643609527, "AB": -97.70339694681999}, "097_Benzenewatercomplex": {"A": -37.81457620894, "B": -17.509788974192, "AB": -55.325808757349996}, "098_Benzeneammoniacomplex": {"A": -37.81784429751, "B": -11.822232383848, "AB": -49.64049444399}, "088_AdeninethymineWatsonCrickcomplex": {"A": -81.86872249903999, "B": -85.19084973855999, "AB": -167.08159334087}, "093_Uracildimerstack": {"A": -78.10955116219999, "B": -78.10955116219999, "AB": -156.22176699438998}, "096_Etheneethynecomplex": {"A": -13.771685324565999, "B": -12.534932567618, "AB": -26.307768907612996}, "091_Benzenedimerparalleldisplaced": {"A": -37.81984123816999, "B": -37.81984123816999, "AB": -75.63296145172998}, "083_BenzeneMethanecomplex": {"A": -37.81627438022999, "B": -8.092990902568, "AB": -45.907871687219995}, "102_Phenoldimer": {"A": -54.2321236058, "B": -54.316183268399996, "AB": -108.55206703187999}, "089_Methanedimer": {"A": -8.091216771094999, "B": -8.091216771094999, "AB": -16.18189921173}}