{"101_IndolebenzeneTshapecomplex": {"A": -37.75066969793999, "B": -59.79502332526, "AB": -97.55633222619}, "082_Waterdimer": {"A": -17.505352083676996, "B": -17.574657206521998, "AB": -35.095619971407}, "085_Formamidedimer": {"A": -33.769072760162, "B": -33.769072760162, "AB": -67.57033595387}, "100_BenzenedimerTshaped": {"A": -37.7396133938, "B": -37.75368017602, "AB": -75.49822749055998}, "095_Adeninethyminecomplexstack": {"A": -81.66945472144, "B": -84.74071417747999, "AB": -166.43058149845996}, "081_Ammoniadimer": {"A": -11.757570276659, "B": -11.757570276659, "AB": -23.523045336716}, "087_2pyridoxine2aminopyridinecomplex": {"A": -57.8316587566, "B": -52.091770708279995, "AB": -109.96431860722}, "084_Formicaciddimer": {"A": -39.466920760959994, "B": -39.466920760959994, "AB": -79.00113849565999}, "092_Pyrazinedimer": {"A": -45.212615518769994, "B": -45.20027152966999, "AB": -90.42041581606999}, "090_Ethenedimer": {"A": -13.712480076387, "B": -13.712480076387, "AB": -27.428973547812998}, "099_BenzeneHCNcomplex": {"A": -37.748543400799996, "B": -16.247603924797996, "AB": -54.00568508755999}, "086_Uracildimerhbonded": {"A": -77.84233191117, "B": -77.84233191117, "AB": -155.73455867462}, "094_Indolebenzenecomplexstack": {"A": -37.758439906499994, "B": -59.814029173079994, "AB": -97.57937201173999}, "097_Benzenewatercomplex": {"A": -37.74639505426, "B": -17.413744029481, "AB": -55.167309217879996}, "098_Benzeneammoniacomplex": {"A": -37.74969878936, "B": -11.752167401929999, "AB": -49.50714151024}, "088_AdeninethymineWatsonCrickcomplex": {"A": -81.73399735762999, "B": -84.96667569369998, "AB": -166.73759072923997}, "093_Uracildimerstack": {"A": -77.90200346741, "B": -77.90200346741, "AB": -155.82230646686}, "096_Etheneethynecomplex": {"A": -13.707117368314998, "B": -12.483863217298, "AB": -26.194677498264}, "091_Benzenedimerparalleldisplaced": {"A": -37.75174901607, "B": -37.75174901607, "AB": -75.50758378596}, "083_BenzeneMethanecomplex": {"A": -37.74792859002999, "B": -8.034639039666999, "AB": -45.78587345949}, "102_Phenoldimer": {"A": -54.10814717939999, "B": -54.192340975849994, "AB": -108.31478755863998}, "089_Methanedimer": {"A": -8.033105540646, "B": -8.033105540646, "AB": -16.067544445259}}