{"101_IndolebenzeneTshapecomplex": {"A": -37.734317127919994, "B": -59.735719259019994, "AB": -97.465808047}, "082_Waterdimer": {"A": -17.541867948021, "B": -17.614140001381, "AB": -35.16293814932}, "085_Formamidedimer": {"A": -33.801285426853, "B": -33.801285426853, "AB": -67.61262008825}, "100_BenzenedimerTshaped": {"A": -37.722343568739994, "B": -37.73638278920999, "AB": -75.4529880016}, "095_Adeninethyminecomplexstack": {"A": -81.60622071713999, "B": -84.72624058382999, "AB": -166.31575300063}, "081_Ammoniadimer": {"A": -11.789989582976999, "B": -11.789989582976999, "AB": -23.58034239307}, "087_2pyridoxine2aminopyridinecomplex": {"A": -57.81615619094999, "B": -52.06750681354, "AB": -109.90023643599999}, "084_Formicaciddimer": {"A": -39.50452197027, "B": -39.50452197027, "AB": -79.05079411195}, "092_Pyrazinedimer": {"A": -45.19646874314999, "B": -45.184431975689996, "AB": -90.36998553085999}, "090_Ethenedimer": {"A": -13.740565536385999, "B": -13.740565536385999, "AB": -27.477276470161996}, "099_BenzeneHCNcomplex": {"A": -37.73191631575, "B": -16.274126560074, "AB": -54.00497399441}, "086_Uracildimerhbonded": {"A": -77.83027529924999, "B": -77.83027529924999, "AB": -155.68599891351}, "094_Indolebenzenecomplexstack": {"A": -37.74082684577999, "B": -59.75494780577999, "AB": -97.47856068498}, "097_Benzenewatercomplex": {"A": -37.72901608467, "B": -17.450323653339996, "AB": -55.17756990617}, "098_Benzeneammoniacomplex": {"A": -37.7320614743, "B": -11.784257069718, "AB": -49.514112795539994}, "088_AdeninethymineWatsonCrickcomplex": {"A": -81.67037050651999, "B": -84.95034113068999, "AB": -166.63394972947998}, "093_Uracildimerstack": {"A": -77.89043120730999, "B": -77.89043120730999, "AB": -155.77411860562998}, "096_Etheneethynecomplex": {"A": -13.735954455611, "B": -12.507498152903, "AB": -26.243142704197}, "091_Benzenedimerparalleldisplaced": {"A": -37.73459605283, "B": -37.73459605283, "AB": -75.45663166494998}, "083_BenzeneMethanecomplex": {"A": -37.73094724462, "B": -8.068795838704999, "AB": -45.795746813319994}, "102_Phenoldimer": {"A": -54.0917056768, "B": -54.175726385459996, "AB": -108.26449177477}, "089_Methanedimer": {"A": -8.067219233107, "B": -8.067219233107, "AB": -16.133025650908998}}