{"101_IndolebenzeneTshapecomplex": {"A": -37.90714546998, "B": -60.00102241718999, "AB": -97.90773424896999}, "082_Waterdimer": {"A": -17.612952457446, "B": -17.68686888156, "AB": -35.308913776585996}, "085_Formamidedimer": {"A": -33.943271619427996, "B": -33.943271619427996, "AB": -67.90165244321}, "100_BenzenedimerTshaped": {"A": -37.89578488412, "B": -37.90921958353999, "AB": -75.80215642016}, "095_Adeninethyminecomplexstack": {"A": -81.94830686841999, "B": -85.08517100674999, "AB": -167.02574809050998}, "081_Ammoniadimer": {"A": -11.844281012118998, "B": -11.844281012118998, "AB": -23.690870155429998}, "087_2pyridoxine2aminopyridinecomplex": {"A": -58.06294483542999, "B": -52.296844827879994, "AB": -110.38183796083999}, "084_Formicaciddimer": {"A": -39.664349986089995, "B": -39.664349986089995, "AB": -79.37639429434}, "092_Pyrazinedimer": {"A": -45.389584370659996, "B": -45.37878383955999, "AB": -90.76214697201}, "090_Ethenedimer": {"A": -13.806436722424, "B": -13.806436722424, "AB": -27.611329986848}, "099_BenzeneHCNcomplex": {"A": -37.90479206402, "B": -16.338808768965997, "AB": -54.24526210827999}, "086_Uracildimerhbonded": {"A": -78.15179450519, "B": -78.15179450519, "AB": -156.33454967538998}, "094_Indolebenzenecomplexstack": {"A": -37.91347070786, "B": -60.01984268256, "AB": -97.92211413266999}, "097_Benzenewatercomplex": {"A": -37.902337230819995, "B": -17.521430763399998, "AB": -55.42440558937}, "098_Benzeneammoniacomplex": {"A": -37.90524995656, "B": -11.83847867576, "AB": -49.74363492236999}, "088_AdeninethymineWatsonCrickcomplex": {"A": -82.01185250424, "B": -85.30907016908999, "AB": -167.3395959427}, "093_Uracildimerstack": {"A": -78.21208528208, "B": -78.21208528208, "AB": -156.42377992229}, "096_Etheneethynecomplex": {"A": -13.801888114948998, "B": -12.561025239593999, "AB": -26.363863867427998}, "091_Benzenedimerparalleldisplaced": {"A": -37.907521044759996, "B": -37.907521044759996, "AB": -75.80684265264}, "083_BenzeneMethanecomplex": {"A": -37.90392478762, "B": -8.111618309186, "AB": -46.01361913966}, "102_Phenoldimer": {"A": -54.32881794209, "B": -54.41298454427999, "AB": -108.74313390264}, "089_Methanedimer": {"A": -8.109894413595999, "B": -8.109894413595999, "AB": -16.219419536491}}