{"101_IndolebenzeneTshapecomplex": {"A": -38.09539773483, "B": -60.27841011652, "AB": -98.37732877303999}, "082_Waterdimer": {"A": -17.662729896671, "B": -17.735505852319, "AB": -35.409692323238}, "085_Formamidedimer": {"A": -34.055009195617, "B": -34.055009195617, "AB": -68.13138367185}, "100_BenzenedimerTshaped": {"A": -38.08494521675999, "B": -38.09740717015, "AB": -76.18232703009998}, "095_Adeninethyminecomplexstack": {"A": -82.26403737188, "B": -85.39335877795999, "AB": -167.66128897141}, "081_Ammoniadimer": {"A": -11.890802453194999, "B": -11.890802453194999, "AB": -23.785911043962997}, "087_2pyridoxine2aminopyridinecomplex": {"A": -58.29211049696, "B": -52.523214992979995, "AB": -110.84418631708999}, "084_Formicaciddimer": {"A": -39.777771732199994, "B": -39.777771732199994, "AB": -79.61053687294}, "092_Pyrazinedimer": {"A": -45.57725232641, "B": -45.56674247989999, "AB": -91.14335280127999}, "090_Ethenedimer": {"A": -13.878268596261998, "B": -13.878268596261998, "AB": -27.756881677649996}, "099_BenzeneHCNcomplex": {"A": -38.092471044469995, "B": -16.398105264911997, "AB": -54.494961273559994}, "086_Uracildimerhbonded": {"A": -78.42148953635, "B": -78.42148953635, "AB": -156.88089852835}, "094_Indolebenzenecomplexstack": {"A": -38.101290436979994, "B": -60.29745638824, "AB": -98.39521634879}, "097_Benzenewatercomplex": {"A": -38.09116241258, "B": -17.571285338775997, "AB": -55.665473149529994}, "098_Benzeneammoniacomplex": {"A": -38.09425263599, "B": -11.885117640137999, "AB": -49.98112349741999}, "088_AdeninethymineWatsonCrickcomplex": {"A": -82.32897542731, "B": -85.61684488153999, "AB": -167.97109259615}, "093_Uracildimerstack": {"A": -78.48201219943, "B": -78.48201219943, "AB": -156.970854568}, "096_Etheneethynecomplex": {"A": -13.873633996126998, "B": -12.619424214713, "AB": -26.494810145916997}, "091_Benzenedimerparalleldisplaced": {"A": -38.09553848349999, "B": -38.09553848349999, "AB": -76.18798159872999}, "083_BenzeneMethanecomplex": {"A": -38.09212266394999, "B": -8.158404526806999, "AB": -46.25047857183}, "102_Phenoldimer": {"A": -54.55824415402999, "B": -54.64241296116, "AB": -109.20696177363}, "089_Methanedimer": {"A": -8.156766476881, "B": -8.156766476881, "AB": -16.313409072883}}