{"101_IndolebenzeneTshapecomplex": {"A": -37.784770564999995, "B": -59.83939847774, "AB": -97.63017235938}, "082_Waterdimer": {"A": -17.531988457108, "B": -17.602892051206, "AB": -35.147513087311}, "085_Formamidedimer": {"A": -33.80982519622199, "B": -33.80982519622199, "AB": -67.64492833908999}, "100_BenzenedimerTshaped": {"A": -37.773708748509996, "B": -37.78750983546, "AB": -75.56273484770999}, "095_Adeninethyminecomplexstack": {"A": -81.73083547367, "B": -84.81875031148998, "AB": -166.55849300778}, "081_Ammoniadimer": {"A": -11.778161917327, "B": -11.778161917327, "AB": -23.561653872864998}, "087_2pyridoxine2aminopyridinecomplex": {"A": -57.88362845742, "B": -52.13620355669, "AB": -110.05353893189}, "084_Formicaciddimer": {"A": -39.51394772128, "B": -39.51394772128, "AB": -79.0873612044}, "092_Pyrazinedimer": {"A": -45.251660596289994, "B": -45.23952276907999, "AB": -90.49288263912999}, "090_Ethenedimer": {"A": -13.733902611945, "B": -13.733902611945, "AB": -27.469018528874}, "099_BenzeneHCNcomplex": {"A": -37.78259208428, "B": -16.269304687035, "AB": -54.05818360648999}, "086_Uracildimerhbonded": {"A": -77.91333171414999, "B": -77.91333171414999, "AB": -155.86901812076}, "094_Indolebenzenecomplexstack": {"A": -37.79211522013999, "B": -59.858426007469994, "AB": -97.65012743386998}, "097_Benzenewatercomplex": {"A": -37.78028424708, "B": -17.440267914223, "AB": -55.224884978649996}, "098_Benzeneammoniacomplex": {"A": -37.783479940119996, "B": -11.77256236195, "AB": -49.55882567133}, "088_AdeninethymineWatsonCrickcomplex": {"A": -81.79562359318, "B": -85.04419954664999, "AB": -166.86932119463998}, "093_Uracildimerstack": {"A": -77.97322302940998, "B": -77.97322302940998, "AB": -155.95652814697}, "096_Etheneethynecomplex": {"A": -13.728787040897998, "B": -12.501752556999998, "AB": -26.232824577219997}, "091_Benzenedimerparalleldisplaced": {"A": -37.785613954549994, "B": -37.785613954549994, "AB": -75.57012654156999}, "083_BenzeneMethanecomplex": {"A": -37.78193133725999, "B": -8.052811714158999, "AB": -45.83560882110999}, "102_Phenoldimer": {"A": -54.1573577653, "B": -54.24156773130999, "AB": -108.40768903064}, "089_Methanedimer": {"A": -8.051247639969999, "B": -8.051247639969999, "AB": -16.102670646167997}}