{"101_IndolebenzeneTshapecomplex": {"A": -37.74893624761, "B": -59.793587909319996, "AB": -97.5531383706}, "082_Waterdimer": {"A": -17.506563367465997, "B": -17.575901527661998, "AB": -35.098066609579995}, "085_Formamidedimer": {"A": -33.770606185685, "B": -33.770606185685, "AB": -67.5734070678}, "100_BenzenedimerTshaped": {"A": -37.73787332865, "B": -37.75193680346, "AB": -75.49472494337}, "095_Adeninethyminecomplexstack": {"A": -81.67147260902999, "B": -84.74350085415, "AB": -166.43531587213}, "081_Ammoniadimer": {"A": -11.757820427101999, "B": -11.757820427101999, "AB": -23.523536266607}, "087_2pyridoxine2aminopyridinecomplex": {"A": -57.83234780035, "B": -52.091525224959994, "AB": -109.96475187793}, "084_Formicaciddimer": {"A": -39.46938441392, "B": -39.46938441392, "AB": -79.00606028922999}, "092_Pyrazinedimer": {"A": -45.21271547604999, "B": -45.200375896829996, "AB": -90.42058412649}, "090_Ethenedimer": {"A": -13.711560873649999, "B": -13.711560873649999, "AB": -27.427120993974}, "099_BenzeneHCNcomplex": {"A": -37.746791943459996, "B": -16.247767347601, "AB": -54.00408466861}, "086_Uracildimerhbonded": {"A": -77.84547137823999, "B": -77.84547137823999, "AB": -155.74083577130997}, "094_Indolebenzenecomplexstack": {"A": -37.75669469649, "B": -59.812630506139996, "AB": -97.57617374626999}, "097_Benzenewatercomplex": {"A": -37.744665646319994, "B": -17.414935909798, "AB": -55.16675761539}, "098_Benzeneammoniacomplex": {"A": -37.74796497153999, "B": -11.752414612453, "AB": -49.50564215103999}, "088_AdeninethymineWatsonCrickcomplex": {"A": -81.73602626991999, "B": -84.96942341642999, "AB": -166.74235633956}, "093_Uracildimerstack": {"A": -77.90521790244, "B": -77.90521790244, "AB": -155.82869087063}, "096_Etheneethynecomplex": {"A": -13.706188096352, "B": -12.483174247046, "AB": -26.193051391763}, "091_Benzenedimerparalleldisplaced": {"A": -37.75001446326999, "B": -37.75001446326999, "AB": -75.50407535893}, "083_BenzeneMethanecomplex": {"A": -37.74618521746999, "B": -8.033892373485, "AB": -45.78336754517999}, "102_Phenoldimer": {"A": -54.10790794341, "B": -54.19211754192999, "AB": -108.31430761669999}, "089_Methanedimer": {"A": -8.032348511246, "B": -8.032348511246, "AB": -16.066023661392}}