{"101_IndolebenzeneTshapecomplex": {"A": -37.99708497258, "B": -60.136113946129996, "AB": -98.13345101684999}, "082_Waterdimer": {"A": -17.622929884443998, "B": -17.696018280089998, "AB": -35.328238311734}, "085_Formamidedimer": {"A": -33.978001482372, "B": -33.978001482372, "AB": -67.97244828923999}, "100_BenzenedimerTshaped": {"A": -37.98593385602, "B": -37.99931600437, "AB": -75.98272887899}, "095_Adeninethyminecomplexstack": {"A": -82.08836612717998, "B": -85.20305114154, "AB": -167.28596224715997}, "081_Ammoniadimer": {"A": -11.858679821553999, "B": -11.858679821553999, "AB": -23.719812528611}, "087_2pyridoxine2aminopyridinecomplex": {"A": -58.158921096259995, "B": -52.39822613163, "AB": -110.58101239597998}, "084_Formicaciddimer": {"A": -39.69348275584, "B": -39.69348275584, "AB": -79.43624922808999}, "092_Pyrazinedimer": {"A": -45.47297997883, "B": -45.46158301146, "AB": -90.92925239229999}, "090_Ethenedimer": {"A": -13.836594495281998, "B": -13.836594495281998, "AB": -27.671541385898}, "099_BenzeneHCNcomplex": {"A": -37.99468930527, "B": -16.36076835441, "AB": -54.357606741199994}, "086_Uracildimerhbonded": {"A": -78.25320520813999, "B": -78.25320520813999, "AB": -156.53895275825}, "094_Indolebenzenecomplexstack": {"A": -38.00360130526, "B": -60.15509076223999, "AB": -98.14903222535999}, "097_Benzenewatercomplex": {"A": -37.99236529851, "B": -17.531223489924, "AB": -55.52453228226}, "098_Benzeneammoniacomplex": {"A": -37.995378349019994, "B": -11.852894095742998, "AB": -49.848269247599994}, "088_AdeninethymineWatsonCrickcomplex": {"A": -82.15288597899, "B": -85.42741811864998, "AB": -167.60035986439}, "093_Uracildimerstack": {"A": -78.31351141961, "B": -78.31351141961, "AB": -156.62757444170998}, "096_Etheneethynecomplex": {"A": -13.831918368777, "B": -12.586613384548999, "AB": -26.419370365505998}, "091_Benzenedimerparalleldisplaced": {"A": -37.99751126098, "B": -37.99751126098, "AB": -75.98765361247999}, "083_BenzeneMethanecomplex": {"A": -37.99395359029, "B": -8.129348782961, "AB": -46.12146532748999}, "102_Phenoldimer": {"A": -54.4278745041, "B": -54.5120738129, "AB": -108.9420613845}, "089_Methanedimer": {"A": -8.127725763375999, "B": -8.127725763375999, "AB": -16.254719376424998}}