{"101_IndolebenzeneTshapecomplex": {"A": -37.952609495329995, "B": -60.01087225166, "AB": -97.96292757207}, "082_Waterdimer": {"A": -17.309829506914, "B": -17.309890620501, "AB": -34.625522463774}, "085_Formamidedimer": {"A": -33.645265415911, "B": -33.645265415911, "AB": -67.3092773052}, "100_BenzenedimerTshaped": {"A": -37.95264991922999, "B": -37.952745834119995, "AB": -75.90279355666}, "095_Adeninethyminecomplexstack": {"A": -81.65404292582, "B": -84.48513664216, "AB": -166.13185806470997}, "081_Ammoniadimer": {"A": -11.809024462506999, "B": -11.809024462506999, "AB": -23.620630174773996}, "087_2pyridoxine2aminopyridinecomplex": {"A": -57.73847468478999, "B": -52.236539718879996, "AB": -109.99452224282999}, "084_Formicaciddimer": {"A": -39.14003950842999, "B": -39.14003950842999, "AB": -78.30387031946}, "092_Pyrazinedimer": {"A": -45.27897796543999, "B": -45.27889381023, "AB": -90.55195886157}, "090_Ethenedimer": {"A": -13.823193127204998, "B": -13.823193127204998, "AB": -27.644720642733997}, "099_BenzeneHCNcomplex": {"A": -37.95273039954, "B": -16.291327407260997, "AB": -54.24602685497}, "086_Uracildimerhbonded": {"A": -77.55072418629, "B": -77.55072418629, "AB": -155.12586661312}, "094_Indolebenzenecomplexstack": {"A": -37.95261133278, "B": -60.01059332675, "AB": -97.95337503700999}, "097_Benzenewatercomplex": {"A": -37.95269622297, "B": -17.309642528001998, "AB": -55.26338764092999}, "098_Benzeneammoniacomplex": {"A": -37.95265396162, "B": -11.808896061500999, "AB": -49.761016464389996}, "088_AdeninethymineWatsonCrickcomplex": {"A": -81.65507814514999, "B": -84.48429509006, "AB": -166.15689074853}, "093_Uracildimerstack": {"A": -77.55197585722999, "B": -77.55197585722999, "AB": -155.10156339694998}, "096_Etheneethynecomplex": {"A": -13.823235498802, "B": -12.56989034786, "AB": -26.393903639246997}, "091_Benzenedimerparalleldisplaced": {"A": -37.952653226639995, "B": -37.952653226639995, "AB": -75.89790005981999}, "083_BenzeneMethanecomplex": {"A": -37.95259075333999, "B": -8.133631915659999, "AB": -46.08429996131999}, "102_Phenoldimer": {"A": -54.056155429179995, "B": -54.05626126629999, "AB": -108.11453858274}, "089_Methanedimer": {"A": -8.133620927708998, "B": -8.133620927708998, "AB": -16.266508235131}}