{"101_IndolebenzeneTshapecomplex": {"A": -38.25507875465, "B": -60.476891098029995, "AB": -98.74239297155}, "082_Waterdimer": {"A": -17.342104720403, "B": -17.342100861758, "AB": -34.69696920809199}, "085_Formamidedimer": {"A": -33.773396353509995, "B": -33.773396353509995, "AB": -67.58244915925}, "100_BenzenedimerTshaped": {"A": -38.255190839099996, "B": -38.255194514, "AB": -76.51553168305999}, "095_Adeninethyminecomplexstack": {"A": -82.16236979342, "B": -84.92085740799, "AB": -167.10310400052998}, "081_Ammoniadimer": {"A": -11.855550092969, "B": -11.855550092969, "AB": -23.719441988444}, "087_2pyridoxine2aminopyridinecomplex": {"A": -58.077770851989996, "B": -52.59204403253, "AB": -110.70710887218999}, "084_Formicaciddimer": {"A": -39.25429655931, "B": -39.25429655931, "AB": -78.55246260486}, "092_Pyrazinedimer": {"A": -45.56966292293, "B": -45.56961882413, "AB": -91.14679948998999}, "090_Ethenedimer": {"A": -13.915805825563, "B": -13.915805825563, "AB": -27.835771748173}, "099_BenzeneHCNcomplex": {"A": -38.25513240819, "B": -16.360825278611, "AB": -54.62561646322}, "086_Uracildimerhbonded": {"A": -77.92623024566, "B": -77.92623024566, "AB": -155.89504817243997}, "094_Indolebenzenecomplexstack": {"A": -38.25519671893999, "B": -60.476746674459996, "AB": -98.73941667003999}, "097_Benzenewatercomplex": {"A": -38.255163644839996, "B": -17.341930897633, "AB": -55.60445768235999}, "098_Benzeneammoniacomplex": {"A": -38.255183489299995, "B": -11.855373146534, "AB": -50.11565166419}, "088_AdeninethymineWatsonCrickcomplex": {"A": -82.16371774673999, "B": -84.92064867366999, "AB": -167.12035251116998}, "093_Uracildimerstack": {"A": -77.92678405309, "B": -77.92678405309, "AB": -155.87032197528}, "096_Etheneethynecomplex": {"A": -13.915794065882999, "B": -12.648192985618, "AB": -26.567781275503997}, "091_Benzenedimerparalleldisplaced": {"A": -38.255243390169994, "B": -38.255243390169994, "AB": -76.51500470239999}, "083_BenzeneMethanecomplex": {"A": -38.255215460929996, "B": -8.183496670509, "AB": -46.44212166691}, "102_Phenoldimer": {"A": -54.40146042537, "B": -54.40126675814, "AB": -108.81761530587998}, "089_Methanedimer": {"A": -8.183593687869, "B": -8.183593687869, "AB": -16.368590121817}}