{"101_IndolebenzeneTshapecomplex": {"A": -38.051264758260004, "B": -60.153837621339996, "AB": -98.20789089371999}, "082_Waterdimer": {"A": -17.349718157728997, "B": -17.349612614601, "AB": -34.707395487376}, "085_Formamidedimer": {"A": -33.72184816372, "B": -33.72184816372, "AB": -67.46764638571999}, "100_BenzenedimerTshaped": {"A": -38.05136214311, "B": -38.05129232001, "AB": -76.10257876018}, "095_Adeninethyminecomplexstack": {"A": -81.83148583981, "B": -84.67457442975, "AB": -166.50827586677}, "081_Ammoniadimer": {"A": -11.841856019107, "B": -11.841856019107, "AB": -23.688197731400997}, "087_2pyridoxine2aminopyridinecomplex": {"A": -57.872162034439995, "B": -52.362904095299996, "AB": -110.25957183289998}, "084_Formicaciddimer": {"A": -39.22408961629, "B": -39.22408961629, "AB": -78.47743106909}, "092_Pyrazinedimer": {"A": -45.38472652035, "B": -45.3847136582, "AB": -90.76825098091}, "090_Ethenedimer": {"A": -13.865793008993, "B": -13.865793008993, "AB": -27.731898347736998}, "099_BenzeneHCNcomplex": {"A": -38.05126696319999, "B": -16.328919649815, "AB": -54.384424691439996}, "086_Uracildimerhbonded": {"A": -77.71916580021998, "B": -77.71916580021998, "AB": -155.46816260118996}, "094_Indolebenzenecomplexstack": {"A": -38.05134964844999, "B": -60.15381189703999, "AB": -98.20154176898998}, "097_Benzenewatercomplex": {"A": -38.0513147369, "B": -17.349553044472, "AB": -55.403939336289994}, "098_Benzeneammoniacomplex": {"A": -38.05133568383, "B": -11.84174602935, "AB": -49.894385935189995}, "088_AdeninethymineWatsonCrickcomplex": {"A": -81.83235164625, "B": -84.67380343573, "AB": -166.52875645196}, "093_Uracildimerstack": {"A": -77.71986513368999, "B": -77.71986513368999, "AB": -155.44402732794998}, "096_Etheneethynecomplex": {"A": -13.865781616803, "B": -12.603509766270998, "AB": -26.471012265246}, "091_Benzenedimerparalleldisplaced": {"A": -38.05137206534, "B": -38.05137206534, "AB": -76.09963994265}, "083_BenzeneMethanecomplex": {"A": -38.05137206534, "B": -8.163352485665, "AB": -46.214608607909994}, "102_Phenoldimer": {"A": -54.18603154004, "B": -54.186131129829995, "AB": -108.37866724287}, "089_Methanedimer": {"A": -8.163353918876, "B": -8.163353918876, "AB": -16.326595422561}}