{"101_IndolebenzeneTshapecomplex": {"A": -37.97258625172999, "B": -60.045899561009996, "AB": -98.01988080478}, "082_Waterdimer": {"A": -17.316210493027, "B": -17.316273811553998, "AB": -34.639652050035}, "085_Formamidedimer": {"A": -33.660484573272996, "B": -33.660484573272996, "AB": -67.34334179075}, "100_BenzenedimerTshaped": {"A": -37.97255832249, "B": -37.97262741061, "AB": -75.94395059921}, "095_Adeninethyminecomplexstack": {"A": -81.70239909746999, "B": -84.53292945163999, "AB": -166.23323422359996}, "081_Ammoniadimer": {"A": -11.812238934285999, "B": -11.812238934285999, "AB": -23.628080226045995}, "087_2pyridoxine2aminopyridinecomplex": {"A": -57.77026991958999, "B": -52.265560771669996, "AB": -110.05906928889999}, "084_Formicaciddimer": {"A": -39.15846178213, "B": -39.15846178213, "AB": -78.34520816709001}, "092_Pyrazinedimer": {"A": -45.303441039759996, "B": -45.303461986689996, "AB": -90.60345156036999}, "090_Ethenedimer": {"A": -13.826966918763999, "B": -13.826966918763999, "AB": -27.653133554555}, "099_BenzeneHCNcomplex": {"A": -37.972704583509994, "B": -16.295907141138997, "AB": -54.27203007988}, "086_Uracildimerhbonded": {"A": -77.5941280627, "B": -77.5941280627, "AB": -155.21661753363998}, "094_Indolebenzenecomplexstack": {"A": -37.97266048471, "B": -60.04568825425999, "AB": -98.01180962190999}, "097_Benzenewatercomplex": {"A": -37.97268988391, "B": -17.315874386673, "AB": -55.29072779446}, "098_Benzeneammoniacomplex": {"A": -37.972661219689996, "B": -11.812084735482, "AB": -49.78515284009999}, "088_AdeninethymineWatsonCrickcomplex": {"A": -81.70372132648998, "B": -84.53190488951999, "AB": -166.25694357593}, "093_Uracildimerstack": {"A": -77.59543118224, "B": -77.59543118224, "AB": -155.19191485584}, "096_Etheneethynecomplex": {"A": -13.826953211387, "B": -12.572851214789997, "AB": -26.401073699888}, "091_Benzenedimerparalleldisplaced": {"A": -37.972669304469996, "B": -37.972669304469996, "AB": -75.94009709907}, "083_BenzeneMethanecomplex": {"A": -37.972662689649994, "B": -8.134300196224999, "AB": -46.10593299515}, "102_Phenoldimer": {"A": -54.08597099534999, "B": -54.086023546419995, "AB": -108.17658596183}, "089_Methanedimer": {"A": -8.134257052898999, "B": -8.134257052898999, "AB": -16.26800579363}}