{"101_IndolebenzeneTshapecomplex": {"A": -37.69985024082, "B": -59.64800784829, "AB": -97.3496040341}, "082_Waterdimer": {"A": -17.202380061288, "B": -17.202436324007, "AB": -34.412359007297994}, "085_Formamidedimer": {"A": -33.444901011401996, "B": -33.444901011401996, "AB": -66.91366954283}, "100_BenzenedimerTshaped": {"A": -37.699950565589994, "B": -37.69991602153, "AB": -75.39861491618}, "095_Adeninethyminecomplexstack": {"A": -81.20861417665999, "B": -84.01301488936, "AB": -165.22071217847}, "081_Ammoniadimer": {"A": -11.71812974315, "B": -11.71812974315, "AB": -23.439983041975996}, "087_2pyridoxine2aminopyridinecomplex": {"A": -57.40224742657999, "B": -51.91770796731, "AB": -109.34486092616999}, "084_Formicaciddimer": {"A": -38.92350117079, "B": -38.92350117079, "AB": -77.87748747453}, "092_Pyrazinedimer": {"A": -45.009075669919994, "B": -45.00908632712999, "AB": -90.01493212744}, "090_Ethenedimer": {"A": -13.707177599925998, "B": -13.707177599925998, "AB": -27.413392853788995}, "099_BenzeneHCNcomplex": {"A": -37.699855385679996, "B": -16.186031489784, "AB": -53.88947960469999}, "086_Uracildimerhbonded": {"A": -77.13026454518, "B": -77.13026454518, "AB": -154.29049569491997}, "094_Indolebenzenecomplexstack": {"A": -37.69996379523, "B": -59.64795309227999, "AB": -97.34173938060998}, "097_Benzenewatercomplex": {"A": -37.699900586949994, "B": -17.202158685311996, "AB": -54.90421945198}, "098_Benzeneammoniacomplex": {"A": -37.69993255858, "B": -11.717952208730997, "AB": -49.41819276067999}, "088_AdeninethymineWatsonCrickcomplex": {"A": -81.20995367770999, "B": -84.01248092639, "AB": -165.24530240432998}, "093_Uracildimerstack": {"A": -77.13111932692, "B": -77.13111932692, "AB": -154.26385781478}, "096_Etheneethynecomplex": {"A": -13.707150405665999, "B": -12.474818626915999, "AB": -26.183001458988}, "091_Benzenedimerparalleldisplaced": {"A": -37.69999686932999, "B": -37.69999686932999, "AB": -75.39474634895}, "083_BenzeneMethanecomplex": {"A": -37.69997886232, "B": -8.049993727340999, "AB": -45.74878159132}, "102_Phenoldimer": {"A": -53.72831686519999, "B": -53.72821764289999, "AB": -107.46162093718999}, "089_Methanedimer": {"A": -8.05011356583, "B": -8.05011356583, "AB": -16.099339422815998}}