{"101_IndolebenzeneTshapecomplex": {"A": -37.731311427209995, "B": -59.67840588611, "AB": -97.40899041809999}, "082_Waterdimer": {"A": -17.272884230504996, "B": -17.272943249399, "AB": -34.552444284349995}, "085_Formamidedimer": {"A": -33.539633098088, "B": -33.539633098088, "AB": -67.09970841540999}, "100_BenzenedimerTshaped": {"A": -37.73133310912, "B": -37.73153339117, "AB": -75.46016581628}, "095_Adeninethyminecomplexstack": {"A": -81.29571922889, "B": -84.16820113898999, "AB": -165.45820442842}, "081_Ammoniadimer": {"A": -11.76419571712, "B": -11.76419571712, "AB": -23.531379458681}, "087_2pyridoxine2aminopyridinecomplex": {"A": -57.49094922285999, "B": -51.9805197256, "AB": -109.49212078398999}, "084_Formicaciddimer": {"A": -39.042823703829995, "B": -39.042823703829995, "AB": -78.11122544663999}, "092_Pyrazinedimer": {"A": -45.06815924216, "B": -45.06809346145, "AB": -90.13059005019998}, "090_Ethenedimer": {"A": -13.744988719523999, "B": -13.744988719523999, "AB": -27.488382642694997}, "099_BenzeneHCNcomplex": {"A": -37.7313889676, "B": -16.228609285422998, "AB": -53.96198648417}, "086_Uracildimerhbonded": {"A": -77.27546462155, "B": -77.27546462155, "AB": -154.57750354747}, "094_Indolebenzenecomplexstack": {"A": -37.73144078369, "B": -59.67855288211, "AB": -97.40037094014998}, "097_Benzenewatercomplex": {"A": -37.73142828902999, "B": -17.272451253786997, "AB": -55.004896644889996}, "098_Benzeneammoniacomplex": {"A": -37.73142718656, "B": -11.764018329696999, "AB": -49.49479568369}, "088_AdeninethymineWatsonCrickcomplex": {"A": -81.29724798728999, "B": -84.16696122773, "AB": -165.48305887958998}, "093_Uracildimerstack": {"A": -77.27747442436, "B": -77.27747442436, "AB": -154.55369203292}, "096_Etheneethynecomplex": {"A": -13.744914817284998, "B": -12.503154898839998, "AB": -26.248731969854}, "091_Benzenedimerparalleldisplaced": {"A": -37.73157895993, "B": -37.73157895993, "AB": -75.45561923}, "083_BenzeneMethanecomplex": {"A": -37.73155764551, "B": -8.084966758417998, "AB": -45.81450019550999}, "102_Phenoldimer": {"A": -53.80439721743, "B": -53.80491133594, "AB": -107.61260934855}, "089_Methanedimer": {"A": -8.084993842430999, "B": -8.084993842430999, "AB": -16.168958749610997}}