{"101_IndolebenzeneTshapecomplex": {"A": -37.82169632769, "B": -59.82780233078999, "AB": -97.65064155238}, "082_Waterdimer": {"A": -17.256203491915, "B": -17.256262731303, "AB": -34.519443057616996}, "085_Formamidedimer": {"A": -33.545120605764, "B": -33.545120605764, "AB": -67.11322396263}, "100_BenzenedimerTshaped": {"A": -37.82181061708, "B": -37.821759535969996, "AB": -75.64186095705999}, "095_Adeninethyminecomplexstack": {"A": -81.4362580621, "B": -84.25497912511999, "AB": -165.68925127126}, "081_Ammoniadimer": {"A": -11.760536839684, "B": -11.760536839684, "AB": -23.524312001248}, "087_2pyridoxine2aminopyridinecomplex": {"A": -57.571544924719994, "B": -52.075499721039996, "AB": -109.67097302212998}, "084_Formicaciddimer": {"A": -39.03501086642999, "B": -39.03501086642999, "AB": -78.09950619054}, "092_Pyrazinedimer": {"A": -45.14309596550999, "B": -45.14311580996999, "AB": -90.28235717286998}, "090_Ethenedimer": {"A": -13.759636687179, "B": -13.759636687179, "AB": -27.517800694932}, "099_BenzeneHCNcomplex": {"A": -37.82169669518, "B": -16.235797132579997, "AB": -54.060654609249994}, "086_Uracildimerhbonded": {"A": -77.34741254873, "B": -77.34741254873, "AB": -154.72374729543998}, "094_Indolebenzenecomplexstack": {"A": -37.82181429198, "B": -59.827789101149996, "AB": -97.64285590923998}, "097_Benzenewatercomplex": {"A": -37.82175108369999, "B": -17.255979617007, "AB": -55.079509609549994}, "098_Benzeneammoniacomplex": {"A": -37.82179003764, "B": -11.760376908036, "AB": -49.58208778833}, "088_AdeninethymineWatsonCrickcomplex": {"A": -81.43750422068999, "B": -84.25420114878999, "AB": -165.71354603516}, "093_Uracildimerstack": {"A": -77.34839742192999, "B": -77.34839742192999, "AB": -154.69735600109001}, "096_Etheneethynecomplex": {"A": -13.759611550862997, "B": -12.517616622562999, "AB": -26.278002401358}, "091_Benzenedimerparalleldisplaced": {"A": -37.821850305999995, "B": -37.821850305999995, "AB": -75.63796923796}, "083_BenzeneMethanecomplex": {"A": -37.82183891381, "B": -8.086638507177, "AB": -45.9069132733}, "102_Phenoldimer": {"A": -53.891695936889995, "B": -53.891689689559996, "AB": -107.78771024877}, "089_Methanedimer": {"A": -8.086693005944, "B": -8.086693005944, "AB": -16.172187884240998}}