{"101_IndolebenzeneTshapecomplex": {"A": -34.829372731427, "B": -55.289096873839995, "AB": -90.11662432773}, "082_Waterdimer": {"A": -16.256270772209, "B": -16.255981925068998, "AB": -32.515622470330996}, "085_Formamidedimer": {"A": -31.443043665942998, "B": -31.443043665942998, "AB": -62.893889732569995}, "100_BenzenedimerTshaped": {"A": -34.828685194386, "B": -34.828570317011994, "AB": -69.65433793479}, "095_Adeninethyminecomplexstack": {"A": -75.88086579584999, "B": -78.75991107734998, "AB": -154.63314153346997}, "081_Ammoniadimer": {"A": -10.909147105881999, "B": -10.909147105881999, "AB": -21.820154041905}, "087_2pyridoxine2aminopyridinecomplex": {"A": -53.62783113458, "B": -48.27684415613, "AB": -101.91386915553}, "084_Formicaciddimer": {"A": -36.79015042773, "B": -36.79015042773, "AB": -73.58827502096999}, "092_Pyrazinedimer": {"A": -41.947416155149995, "B": -41.9480794746, "AB": -83.88928357879}, "090_Ethenedimer": {"A": -12.613781993747, "B": -12.613781993747, "AB": -25.226289899664}, "099_BenzeneHCNcomplex": {"A": -34.829014832916, "B": -15.176335773495, "AB": -50.00586145425999}, "086_Uracildimerhbonded": {"A": -72.44463989364, "B": -72.44463989364, "AB": -144.90285450039}, "094_Indolebenzenecomplexstack": {"A": -34.829262778419, "B": -55.288961637519996, "AB": -90.10903124935}, "097_Benzenewatercomplex": {"A": -34.828961179375995, "B": -16.255670844784, "AB": -51.08491829887}, "098_Benzeneammoniacomplex": {"A": -34.828857179706, "B": -10.908575769179, "AB": -45.73670256251}, "088_AdeninethymineWatsonCrickcomplex": {"A": -75.88206418074, "B": -78.76150267653999, "AB": -154.65085124406}, "093_Uracildimerstack": {"A": -72.44387367699, "B": -72.44387367699, "AB": -144.88490077644}, "096_Etheneethynecomplex": {"A": -12.613456912093, "B": -11.557776106383, "AB": -24.171455864412}, "091_Benzenedimerparalleldisplaced": {"A": -34.828899698299, "B": -34.828899698299, "AB": -69.65075600976}, "083_BenzeneMethanecomplex": {"A": -34.82913000428199, "B": -7.342410327334999, "AB": -42.16968219193}, "102_Phenoldimer": {"A": -50.05327317661, "B": -50.05384572603, "AB": -100.10646660788998}, "089_Methanedimer": {"A": -7.343484941592999, "B": -7.343484941592999, "AB": -14.686258606290998}}