{"101_IndolebenzeneTshapecomplex": {"A": -37.69571524333999, "B": -59.651286594069994, "AB": -97.35702880206}, "082_Waterdimer": {"A": -17.187708537524, "B": -17.187694572904, "AB": -34.387897513184996}, "085_Formamidedimer": {"A": -33.429141790736, "B": -33.429141790736, "AB": -66.89313567158999}, "100_BenzenedimerTshaped": {"A": -37.695804175919996, "B": -37.695806748349995, "AB": -75.39649413139}, "095_Adeninethyminecomplexstack": {"A": -81.21126635199, "B": -84.00465632931, "AB": -165.23501378679998}, "081_Ammoniadimer": {"A": -11.705067862335, "B": -11.705067862335, "AB": -23.418278053604}, "087_2pyridoxine2aminopyridinecomplex": {"A": -57.39594938295999, "B": -51.914013222849995, "AB": -109.34644260312999}, "084_Formicaciddimer": {"A": -38.90634600260999, "B": -38.90634600260999, "AB": -77.85556853348}, "092_Pyrazinedimer": {"A": -45.00367540436999, "B": -45.00363534795999, "AB": -90.0144044118}, "090_Ethenedimer": {"A": -13.694156106262, "B": -13.694156106262, "AB": -27.392281435264994}, "099_BenzeneHCNcomplex": {"A": -37.69575934214, "B": -16.172772891572, "AB": -53.87789742236999}, "086_Uracildimerhbonded": {"A": -77.12177662865, "B": -77.12177662865, "AB": -154.28534385260997}, "094_Indolebenzenecomplexstack": {"A": -37.69581189321, "B": -59.65112526596, "AB": -97.35389668478999}, "097_Benzenewatercomplex": {"A": -37.695783228989995, "B": -17.187531407343997, "AB": -54.89044372183999}, "098_Benzeneammoniacomplex": {"A": -37.69579535616, "B": -11.704878053749999, "AB": -49.405570214159994}, "088_AdeninethymineWatsonCrickcomplex": {"A": -81.21261761272, "B": -84.00453579258999, "AB": -165.25229463655998}, "093_Uracildimerstack": {"A": -77.12228376484998, "B": -77.12228376484998, "AB": -154.26074811439997}, "096_Etheneethynecomplex": {"A": -13.694142766375, "B": -12.463434264453, "AB": -26.161243588804997}, "091_Benzenedimerparalleldisplaced": {"A": -37.6958490097, "B": -37.6958490097, "AB": -75.39583816173999}, "083_BenzeneMethanecomplex": {"A": -37.69581997799, "B": -8.036527644274999, "AB": -45.73557767561999}, "102_Phenoldimer": {"A": -53.7230727829, "B": -53.72288646547, "AB": -107.46039058067}, "089_Methanedimer": {"A": -8.036662366108999, "B": -8.036662366108999, "AB": -16.074652730830998}}