{"101_IndolebenzeneTshapecomplex": {"A": -37.863884914669995, "B": -59.87749469607999, "AB": -97.74008163607}, "082_Waterdimer": {"A": -17.301228072723, "B": -17.301312007438998, "AB": -34.608018253592}, "085_Formamidedimer": {"A": -33.611081349115, "B": -33.611081349115, "AB": -67.23930206434}, "100_BenzenedimerTshaped": {"A": -37.86394702048, "B": -37.86411716834999, "AB": -75.72512647376999}, "095_Adeninethyminecomplexstack": {"A": -81.51693975661999, "B": -84.36907705283, "AB": -165.87624598532997}, "081_Ammoniadimer": {"A": -11.794932249978999, "B": -11.794932249978999, "AB": -23.592281849177997}, "087_2pyridoxine2aminopyridinecomplex": {"A": -57.64460524413, "B": -52.13688047326999, "AB": -109.79924246671}, "084_Formicaciddimer": {"A": -39.111358751379996, "B": -39.111358751379996, "AB": -78.24433510201}, "092_Pyrazinedimer": {"A": -45.19782845614999, "B": -45.19758775019999, "AB": -90.38853936598}, "090_Ethenedimer": {"A": -13.793825751839, "B": -13.793825751839, "AB": -27.586095404021997}, "099_BenzeneHCNcomplex": {"A": -37.864052122619995, "B": -16.270008099644, "AB": -54.135524081929994}, "086_Uracildimerhbonded": {"A": -77.45207296575, "B": -77.45207296575, "AB": -154.92701299674997}, "094_Indolebenzenecomplexstack": {"A": -37.863801126949994, "B": -59.87708825213999, "AB": -97.72945419275999}, "097_Benzenewatercomplex": {"A": -37.86398193203, "B": -17.301143145784, "AB": -55.16590503859}, "098_Benzeneammoniacomplex": {"A": -37.86391247642, "B": -11.794816417130999, "AB": -49.65806781579}, "088_AdeninethymineWatsonCrickcomplex": {"A": -81.51776550665, "B": -84.36835015760998, "AB": -165.9019971121}, "093_Uracildimerstack": {"A": -77.45344223349001, "B": -77.45324856626, "AB": -154.90336023787998}, "096_Etheneethynecomplex": {"A": -13.793932764926998, "B": -12.544674727517998, "AB": -26.339483221115}, "091_Benzenedimerparalleldisplaced": {"A": -37.86388638463, "B": -37.86388638463, "AB": -75.71950718417999}, "083_BenzeneMethanecomplex": {"A": -37.86376033556, "B": -8.116500524083, "AB": -45.9782504321}, "102_Phenoldimer": {"A": -53.958949179319994, "B": -53.959169305829995, "AB": -107.91949547018}, "089_Methanedimer": {"A": -8.116459401952, "B": -8.116459401952, "AB": -16.232548153489997}}