{"101_IndolebenzeneTshapecomplex": {"A": -37.73448617331999, "B": -59.703924024219994, "AB": -97.4437365976}, "082_Waterdimer": {"A": -17.216172953210997, "B": -17.216210547438, "AB": -34.441777721017}, "085_Formamidedimer": {"A": -33.473333345212, "B": -33.473333345212, "AB": -66.97455712348}, "100_BenzenedimerTshaped": {"A": -37.73456150876999, "B": -37.73461111992, "AB": -75.47062641913}, "095_Adeninethyminecomplexstack": {"A": -81.28310954451999, "B": -84.09117119259999, "AB": -165.38168970301}, "081_Ammoniadimer": {"A": -11.726863804481999, "B": -11.726863804481999, "AB": -23.459246684031}, "087_2pyridoxine2aminopyridinecomplex": {"A": -57.45465774791, "B": -51.965520988739996, "AB": -109.44944600773998}, "084_Formicaciddimer": {"A": -38.95677886025, "B": -38.95677886025, "AB": -77.94846816803}, "092_Pyrazinedimer": {"A": -45.04906629920999, "B": -45.04900639833999, "AB": -90.09928614952999}, "090_Ethenedimer": {"A": -13.717548241223998, "B": -13.717548241223998, "AB": -27.436274434893996}, "099_BenzeneHCNcomplex": {"A": -37.73457657586, "B": -16.196828823721, "AB": -53.93751936746}, "086_Uracildimerhbonded": {"A": -77.20080645562, "B": -77.20080645562, "AB": -154.43583945988001}, "094_Indolebenzenecomplexstack": {"A": -37.73454239928999, "B": -59.70369838535999, "AB": -97.43781118883999}, "097_Benzenewatercomplex": {"A": -37.73457069602, "B": -17.215973736882, "AB": -54.954886033259996}, "098_Benzeneammoniacomplex": {"A": -37.734554526459995, "B": -11.726701337153, "AB": -49.46360203001999}, "088_AdeninethymineWatsonCrickcomplex": {"A": -81.28443030358, "B": -84.09069639551998, "AB": -165.40264839269}, "093_Uracildimerstack": {"A": -77.2017185658, "B": -77.2017185658, "AB": -154.41107430877997}, "096_Etheneethynecomplex": {"A": -13.717566542225997, "B": -12.482903553912, "AB": -26.202716195017995}, "091_Benzenedimerparalleldisplaced": {"A": -37.73457951578, "B": -37.73457951578, "AB": -75.4680881657}, "083_BenzeneMethanecomplex": {"A": -37.73453247705999, "B": -8.055591739259999, "AB": -45.79090917495999}, "102_Phenoldimer": {"A": -53.778306897389996, "B": -53.77819812034999, "AB": -107.56529464356}, "089_Methanedimer": {"A": -8.055659430918, "B": -8.055659430918, "AB": -16.111491177896998}}