{"101_IndolebenzeneTshapecomplex": {"A": -37.774908235869994, "B": -59.74172257565999, "AB": -97.51659810491999}, "082_Waterdimer": {"A": -17.289715052010997, "B": -17.289772012961, "AB": -34.586507593932}, "085_Formamidedimer": {"A": -33.572564428223, "B": -33.572564428223, "AB": -67.16592092615998}, "100_BenzenedimerTshaped": {"A": -37.77488287906, "B": -37.77516106899, "AB": -75.54799408882998}, "095_Adeninethyminecomplexstack": {"A": -81.37288477909, "B": -84.24846683483, "AB": -165.61675247656999}, "081_Ammoniadimer": {"A": -11.778695182065999, "B": -11.778695182065999, "AB": -23.560854288123}, "087_2pyridoxine2aminopyridinecomplex": {"A": -57.548254878479995, "B": -52.03546903533999, "AB": -109.60477925336998}, "084_Formicaciddimer": {"A": -39.07797301986, "B": -39.07797301986, "AB": -78.18169238911999}, "092_Pyrazinedimer": {"A": -45.11433215571999, "B": -45.11424800051, "AB": -90.22372561332999}, "090_Ethenedimer": {"A": -13.764026244981999, "B": -13.764026244981999, "AB": -27.527132221505997}, "099_BenzeneHCNcomplex": {"A": -37.77505559936, "B": -16.245486961904, "AB": -54.02303098305}, "086_Uracildimerhbonded": {"A": -77.34668344857, "B": -77.34668344857, "AB": -154.72036014011}, "094_Indolebenzenecomplexstack": {"A": -37.774986511239995, "B": -59.74171265342999, "AB": -97.5079481253}, "097_Benzenewatercomplex": {"A": -37.775043104699996, "B": -17.289282736774997, "AB": -55.0658665433}, "098_Benzeneammoniacomplex": {"A": -37.77499680096, "B": -11.778525034195999, "AB": -49.55342577326999}, "088_AdeninethymineWatsonCrickcomplex": {"A": -81.37438193335, "B": -84.24725301536, "AB": -165.64099909927998}, "093_Uracildimerstack": {"A": -77.34876013456, "B": -77.34876013456, "AB": -154.69736923073}, "096_Etheneethynecomplex": {"A": -13.76398773203, "B": -12.518704466461, "AB": -26.283789854372}, "091_Benzenedimerparalleldisplaced": {"A": -37.77510227059, "B": -37.77510227059, "AB": -75.54346256963998}, "083_BenzeneMethanecomplex": {"A": -37.77506993146999, "B": -8.098333729431, "AB": -45.87194402736999}, "102_Phenoldimer": {"A": -53.860535357319996, "B": -53.86104175853999, "AB": -107.72556732228}, "089_Methanedimer": {"A": -8.098325791647, "B": -8.098325791647, "AB": -16.196143601867}}