{"101_IndolebenzeneTshapecomplex": {"A": -38.26815992869, "B": -60.49409550987, "AB": -98.76380771631999}, "082_Waterdimer": {"A": -17.418040208075, "B": -17.418009375664, "AB": -34.843131299784}, "085_Formamidedimer": {"A": -33.872276373324, "B": -33.872276373324, "AB": -67.76485208576999}, "100_BenzenedimerTshaped": {"A": -38.268469722759995, "B": -38.26829810493, "AB": -76.5360251304}, "095_Adeninethyminecomplexstack": {"A": -82.25202963612999, "B": -85.07504628976, "AB": -167.32232464768}, "081_Ammoniadimer": {"A": -11.900713327753998, "B": -11.900713327753998, "AB": -23.805401794838}, "087_2pyridoxine2aminopyridinecomplex": {"A": -58.160067297569995, "B": -52.641367805349994, "AB": -110.82249999720999}, "084_Formicaciddimer": {"A": -39.38246420916, "B": -39.38246420916, "AB": -78.78996698198}, "092_Pyrazinedimer": {"A": -45.61825465566999, "B": -45.61793714430999, "AB": -91.23279435492998}, "090_Ethenedimer": {"A": -13.943785411693, "B": -13.943785411693, "AB": -27.888098722770998}, "099_BenzeneHCNcomplex": {"A": -38.268364988109994, "B": -16.405694043658997, "AB": -54.67712275915}, "086_Uracildimerhbonded": {"A": -78.07872389606, "B": -78.07872389606, "AB": -156.18330696094998}, "094_Indolebenzenecomplexstack": {"A": -38.26811766733999, "B": -60.493585801239995, "AB": -98.75417690588999}, "097_Benzenewatercomplex": {"A": -38.26833999879, "B": -17.417911917315998, "AB": -55.688887774879994}, "098_Benzeneammoniacomplex": {"A": -38.268226076889995, "B": -11.900597531654999, "AB": -50.17002658705999}, "088_AdeninethymineWatsonCrickcomplex": {"A": -82.25401959447998, "B": -85.07359029438, "AB": -167.34711442060998}, "093_Uracildimerstack": {"A": -78.07993918548999, "B": -78.07993918548999, "AB": -156.16098672082}, "096_Etheneethynecomplex": {"A": -13.943984591272997, "B": -12.673141256984998, "AB": -26.619129109745998}, "091_Benzenedimerparalleldisplaced": {"A": -38.26814743402999, "B": -38.26814743402999, "AB": -76.53139585887}, "083_BenzeneMethanecomplex": {"A": -38.26800595038, "B": -8.211740261454999, "AB": -46.47951597935}, "102_Phenoldimer": {"A": -54.46361952141999, "B": -54.463316342169996, "AB": -108.93101720752999}, "089_Methanedimer": {"A": -8.21164085541, "B": -8.21164085541, "AB": -16.424234355146996}}