{"101_IndolebenzeneTshapecomplex": {"A": -37.96018346423, "B": -60.02020355774, "AB": -97.98315091426}, "082_Waterdimer": {"A": -17.314717638399998, "B": -17.314618379351, "AB": -34.637318782527}, "085_Formamidedimer": {"A": -33.653355487766994, "B": -33.653355487766994, "AB": -67.33045612139}, "100_BenzenedimerTshaped": {"A": -37.960274601749994, "B": -37.960209556020004, "AB": -75.92034855396}, "095_Adeninethyminecomplexstack": {"A": -81.66739383751998, "B": -84.50535924937, "AB": -166.17482609798}, "081_Ammoniadimer": {"A": -11.812146657546998, "B": -11.812146657546998, "AB": -23.628734946229997}, "087_2pyridoxine2aminopyridinecomplex": {"A": -57.75134712451, "B": -52.24747842621999, "AB": -110.02320557230999}, "084_Formicaciddimer": {"A": -39.150185539839995, "B": -39.150185539839995, "AB": -78.32938294521999}, "092_Pyrazinedimer": {"A": -45.28729316167, "B": -45.28728654685, "AB": -90.57330157829999}, "090_Ethenedimer": {"A": -13.826974011321, "B": -13.826974011321, "AB": -27.654199863539}, "099_BenzeneHCNcomplex": {"A": -37.960168397139995, "B": -16.293902446439997, "AB": -54.25826427196999}, "086_Uracildimerhbonded": {"A": -77.56850959981999, "B": -77.56850959981999, "AB": -155.16660508456}, "094_Indolebenzenecomplexstack": {"A": -37.96028231903999, "B": -60.020194003, "AB": -97.97675769072998}, "097_Benzenewatercomplex": {"A": -37.96022535808999, "B": -17.314552525143, "AB": -55.277796923829996}, "098_Benzeneammoniacomplex": {"A": -37.96025806469999, "B": -11.812040636682, "AB": -49.77355375323}, "088_AdeninethymineWatsonCrickcomplex": {"A": -81.6682030505, "B": -84.50454489153, "AB": -166.19552166481998}, "093_Uracildimerstack": {"A": -77.56917218429, "B": -77.56917218429, "AB": -155.14250325291}, "096_Etheneethynecomplex": {"A": -13.826946008582999, "B": -12.571696671457, "AB": -26.40031365707}, "091_Benzenedimerparalleldisplaced": {"A": -37.96030914581, "B": -37.96030914581, "AB": -75.91742333356}, "083_BenzeneMethanecomplex": {"A": -37.96031429067, "B": -8.13646342611, "AB": -46.09660867138}, "102_Phenoldimer": {"A": -54.068186316799995, "B": -54.06824401272999, "AB": -108.14279121393999}, "089_Methanedimer": {"A": -8.136492715063, "B": -8.136492715063, "AB": -16.272833068771998}}