{"101_IndolebenzeneTshapecomplex": {"A": -37.77397591374, "B": -59.73746593898999, "AB": -97.50799883891999}, "082_Waterdimer": {"A": -17.284960356143998, "B": -17.285048774238, "AB": -34.574603086123}, "085_Formamidedimer": {"A": -33.56436256590899, "B": -33.56436256590899, "AB": -67.14499935296999}, "100_BenzenedimerTshaped": {"A": -37.77404426688, "B": -37.77398693844, "AB": -75.54336996215999}, "095_Adeninethyminecomplexstack": {"A": -81.35855413905, "B": -84.22769776999, "AB": -165.57373336218998}, "081_Ammoniadimer": {"A": -11.777675360566999, "B": -11.777675360566999, "AB": -23.556620987067998}, "087_2pyridoxine2aminopyridinecomplex": {"A": -57.538013667159994, "B": -52.028734046109996, "AB": -109.58312490511999}, "084_Formicaciddimer": {"A": -39.066554738069996, "B": -39.066554738069996, "AB": -78.15404648391}, "092_Pyrazinedimer": {"A": -45.10860555905, "B": -45.108662519999996, "AB": -90.20830940782999}, "090_Ethenedimer": {"A": -13.765123864113999, "B": -13.765123864113999, "AB": -27.526944617860998}, "099_BenzeneHCNcomplex": {"A": -37.77395276187, "B": -16.245482919514, "AB": -54.019452732919994}, "086_Uracildimerhbonded": {"A": -77.32800650429999, "B": -77.32800650429999, "AB": -154.67792202741998}, "094_Indolebenzenecomplexstack": {"A": -37.77405786401, "B": -59.73751334519999, "AB": -97.49794614996999}, "097_Benzenewatercomplex": {"A": -37.774002373020004, "B": -17.284697306802, "AB": -55.058070242949995}, "098_Benzeneammoniacomplex": {"A": -37.77403360967, "B": -11.777495327215998, "AB": -49.54939992032}, "088_AdeninethymineWatsonCrickcomplex": {"A": -81.35961765510999, "B": -84.22665042349, "AB": -165.60054433011996}, "093_Uracildimerstack": {"A": -77.32925927771, "B": -77.32925927771, "AB": -154.65220103482997}, "096_Etheneethynecomplex": {"A": -13.765092847957998, "B": -12.519863382925, "AB": -26.28473474466}, "091_Benzenedimerparalleldisplaced": {"A": -37.77407807595999, "B": -37.77407807595999, "AB": -75.53785283478999}, "083_BenzeneMethanecomplex": {"A": -37.77408175086, "B": -8.100003456995, "AB": -45.870642745279994}, "102_Phenoldimer": {"A": -53.85223302324, "B": -53.85253399755, "AB": -107.70460275275998}, "089_Methanedimer": {"A": -8.100017164372, "B": -8.100017164372, "AB": -16.198306868500996}}