{"101_IndolebenzeneTshapecomplex": {"A": -37.92423081505999, "B": -59.97246293183999, "AB": -97.89818428634}, "082_Waterdimer": {"A": -17.29787667417, "B": -17.297910152509, "AB": -34.602824664417994}, "085_Formamidedimer": {"A": -33.62382443235499, "B": -33.62382443235499, "AB": -67.26920913552}, "100_BenzenedimerTshaped": {"A": -37.92427969123, "B": -37.92436715384999, "AB": -75.84752636806999}, "095_Adeninethyminecomplexstack": {"A": -81.60991105171999, "B": -84.43856904434, "AB": -166.04614579957996}, "081_Ammoniadimer": {"A": -11.797641533255, "B": -11.797641533255, "AB": -23.598948191275998}, "087_2pyridoxine2aminopyridinecomplex": {"A": -57.70381082304999, "B": -52.20273615122999, "AB": -109.92900465566998}, "084_Formicaciddimer": {"A": -39.1180463344, "B": -39.1180463344, "AB": -78.26307341711}, "092_Pyrazinedimer": {"A": -45.250162707049995, "B": -45.250068997099994, "AB": -90.49684675376}, "090_Ethenedimer": {"A": -13.808182593916, "B": -13.808182593916, "AB": -27.615870803534996}, "099_BenzeneHCNcomplex": {"A": -37.924342164529996, "B": -16.278291581486997, "AB": -54.20602777341}, "086_Uracildimerhbonded": {"A": -77.50979645749999, "B": -77.50979645749999, "AB": -155.04701869369998}, "094_Indolebenzenecomplexstack": {"A": -37.92424588215, "B": -59.97219098923999, "AB": -97.88984410078999}, "097_Benzenewatercomplex": {"A": -37.92431680772, "B": -17.29771902096, "AB": -55.224295892179995}, "098_Benzeneammoniacomplex": {"A": -37.92428410111, "B": -11.797515520933999, "AB": -49.722367541089994}, "088_AdeninethymineWatsonCrickcomplex": {"A": -81.61088416524, "B": -84.43785243883998, "AB": -166.06938219228}, "093_Uracildimerstack": {"A": -77.51088496287998, "B": -77.51088496287998, "AB": -155.02296353328}, "096_Etheneethynecomplex": {"A": -13.808218534437998, "B": -12.557358277377999, "AB": -26.366966989736998}, "091_Benzenedimerparalleldisplaced": {"A": -37.92429439082999, "B": -37.92429439082999, "AB": -75.84346339862999}, "083_BenzeneMethanecomplex": {"A": -37.924233019999996, "B": -8.122074428658, "AB": -46.04543679135}, "102_Phenoldimer": {"A": -54.02171941123999, "B": -54.02180466892, "AB": -108.04797070916}, "089_Methanedimer": {"A": -8.122072223718, "B": -8.122072223718, "AB": -16.243879597392997}}