{"101_IndolebenzeneTshapecomplex": {"A": -37.69393585676, "B": -59.64981222418999, "AB": -97.35375152624}, "082_Waterdimer": {"A": -17.188871716871997, "B": -17.188859993940998, "AB": -34.390217845045}, "085_Formamidedimer": {"A": -33.430637622031995, "B": -33.430637622031995, "AB": -66.89612887764}, "100_BenzenedimerTshaped": {"A": -37.69403103667, "B": -37.69403654902, "AB": -75.39293058086}, "095_Adeninethyminecomplexstack": {"A": -81.21314091848, "B": -84.00727396058, "AB": -165.23943248656}, "081_Ammoniadimer": {"A": -11.705293831935998, "B": -11.705293831935998, "AB": -23.418718159628}, "087_2pyridoxine2aminopyridinecomplex": {"A": -57.396571543529994, "B": -51.9137210683, "AB": -109.34676636182}, "084_Formicaciddimer": {"A": -38.90873174769, "B": -38.90873174769, "AB": -77.86035472324}, "092_Pyrazinedimer": {"A": -45.00370774349, "B": -45.003665849629996, "AB": -90.0144301361}, "090_Ethenedimer": {"A": -13.693220513471, "B": -13.693220513471, "AB": -27.390393969875998}, "099_BenzeneHCNcomplex": {"A": -37.69398399794999, "B": -16.172922680495997, "AB": -53.87625804947999}, "086_Uracildimerhbonded": {"A": -77.1248359829, "B": -77.1248359829, "AB": -154.29146660349997}, "094_Indolebenzenecomplexstack": {"A": -37.694039856429995, "B": -59.64965493846999, "AB": -97.35059809455}, "097_Benzenewatercomplex": {"A": -37.69400935476, "B": -17.188695174676, "AB": -54.88981935633}, "098_Benzeneammoniacomplex": {"A": -37.694023319379994, "B": -11.705106301789, "AB": -49.404012424049995}, "088_AdeninethymineWatsonCrickcomplex": {"A": -81.21449585411, "B": -84.00713174194999, "AB": -165.25676037504}, "093_Uracildimerstack": {"A": -77.12535524626999, "B": -77.12535524626999, "AB": -154.26684367102996}, "096_Etheneethynecomplex": {"A": -13.693208606795, "B": -12.462747205148998, "AB": -26.159614873124998}, "091_Benzenedimerparalleldisplaced": {"A": -37.69407917786, "B": -37.69407917786, "AB": -75.39225991160998}, "083_BenzeneMethanecomplex": {"A": -37.694049778659995, "B": -8.035782595049, "AB": -45.733047506969996}, "102_Phenoldimer": {"A": -53.722755271539995, "B": -53.722564544229996, "AB": -107.45973020113999}, "089_Methanedimer": {"A": -8.035909305600999, "B": -8.035909305600999, "AB": -16.073139921497}}