{"101_IndolebenzeneTshapecomplex": {"A": -38.015593606429995, "B": -60.10625317869, "AB": -98.12256339061999}, "082_Waterdimer": {"A": -17.324731557154998, "B": -17.324817917304998, "AB": -34.656407499341995}, "085_Formamidedimer": {"A": -33.681653908220994, "B": -33.681653908220994, "AB": -67.38569317579999}, "100_BenzenedimerTshaped": {"A": -38.015696136139994, "B": -38.01560389615, "AB": -76.02941407361}, "095_Adeninethyminecomplexstack": {"A": -81.7655915754, "B": -84.59125489201, "AB": -166.35446660217}, "081_Ammoniadimer": {"A": -11.822963431704999, "B": -11.822963431704999, "AB": -23.649097824373}, "087_2pyridoxine2aminopyridinecomplex": {"A": -57.816834209999996, "B": -52.314205055479995, "AB": -110.15407353868}, "084_Formicaciddimer": {"A": -39.177948674359996, "B": -39.177948674359996, "AB": -78.38429477097999}, "092_Pyrazinedimer": {"A": -45.34366282025999, "B": -45.343752855309994, "AB": -90.68340893209998}, "090_Ethenedimer": {"A": -13.845144297128, "B": -13.845144297128, "AB": -27.688839140198}, "099_BenzeneHCNcomplex": {"A": -38.015556489939996, "B": -16.309529150211997, "AB": -54.32804327316999}, "086_Uracildimerhbonded": {"A": -77.64393177746, "B": -77.64393177746, "AB": -155.31616175488}, "094_Indolebenzenecomplexstack": {"A": -38.01573656003999, "B": -60.10636673309999, "AB": -98.11506512465999}, "097_Benzenewatercomplex": {"A": -38.01563329534999, "B": -17.324448295862997, "AB": -55.34170380232}, "098_Benzeneammoniacomplex": {"A": -38.01568878634, "B": -11.822780936171, "AB": -49.838295568999996}, "088_AdeninethymineWatsonCrickcomplex": {"A": -81.76692887151, "B": -84.59027810359, "AB": -166.37828546652}, "093_Uracildimerstack": {"A": -77.64507650880999, "B": -77.64507650880999, "AB": -155.29064729166998}, "096_Etheneethynecomplex": {"A": -13.845088548895, "B": -12.587995514439, "AB": -26.433808459621996}, "091_Benzenedimerparalleldisplaced": {"A": -38.01576154935999, "B": -38.01576154935999, "AB": -76.02565060852}, "083_BenzeneMethanecomplex": {"A": -38.01577992386, "B": -8.146567122672, "AB": -46.16071840435}, "102_Phenoldimer": {"A": -54.13395783954999, "B": -54.13408425610999, "AB": -108.27225536850999}, "089_Methanedimer": {"A": -8.146609604516, "B": -8.146609604516, "AB": -16.291988154281}}