{"101_IndolebenzeneTshapecomplex": {"A": -37.80943281889999, "B": -59.80689325226, "AB": -97.61788716867999}, "082_Waterdimer": {"A": -17.252688597061, "B": -17.252736628003998, "AB": -34.512507161604}, "085_Formamidedimer": {"A": -33.536828046918, "B": -33.536828046918, "AB": -67.09578141726999}, "100_BenzenedimerTshaped": {"A": -37.80948977985, "B": -37.80957026016, "AB": -75.61786533002}, "095_Adeninethyminecomplexstack": {"A": -81.40837145094, "B": -84.2286675761, "AB": -165.63486973357}, "081_Ammoniadimer": {"A": -11.758442697919, "B": -11.758442697919, "AB": -23.520483122938}, "087_2pyridoxine2aminopyridinecomplex": {"A": -57.553293166379994, "B": -52.05853344271999, "AB": -109.63501302316}, "084_Formicaciddimer": {"A": -39.02503057301, "B": -39.02503057301, "AB": -78.07809181325999}, "092_Pyrazinedimer": {"A": -45.128526824459996, "B": -45.128448549089995, "AB": -90.25351325025999}, "090_Ethenedimer": {"A": -13.756899107172998, "B": -13.756899107172998, "AB": -27.513054120593996}, "099_BenzeneHCNcomplex": {"A": -37.80954527084, "B": -16.232516034864, "AB": -54.04552467845999}, "086_Uracildimerhbonded": {"A": -77.32336179818999, "B": -77.32336179818999, "AB": -154.67477300561}, "094_Indolebenzenecomplexstack": {"A": -37.809453030849994, "B": -59.80662020719, "AB": -97.60950031189999}, "097_Benzenewatercomplex": {"A": -37.80951917904999, "B": -17.252501066914, "AB": -55.06421320579}, "098_Benzeneammoniacomplex": {"A": -37.809485002479995, "B": -11.758302647479999, "AB": -49.56823341532999}, "088_AdeninethymineWatsonCrickcomplex": {"A": -81.40953676173, "B": -84.22799433441999, "AB": -165.6587628309}, "093_Uracildimerstack": {"A": -77.32445508094, "B": -77.32445508094, "AB": -154.64995015858}, "096_Etheneethynecomplex": {"A": -13.756935488682998, "B": -12.515370119443999, "AB": -26.273566797058}, "091_Benzenedimerparalleldisplaced": {"A": -37.809492352279996, "B": -37.809492352279996, "AB": -75.61373216998999}, "083_BenzeneMethanecomplex": {"A": -37.809433186389995, "B": -8.085760830809999, "AB": -45.89417900982}, "102_Phenoldimer": {"A": -53.87454517858999, "B": -53.874531213969995, "AB": -107.75351677423}, "089_Methanedimer": {"A": -8.085789201038, "B": -8.085789201038, "AB": -16.171110771050998}}