{"101_IndolebenzeneTshapecomplex": {"A": -37.4749617954, "B": -59.30241290248999, "AB": -96.77768559443}, "082_Waterdimer": {"A": -17.117758873967997, "B": -17.118268913339, "AB": -34.241712600363996}, "085_Formamidedimer": {"A": -33.276302001504995, "B": -33.276303581712, "AB": -66.57065511181}, "100_BenzenedimerTshaped": {"A": -37.475094091799996, "B": -37.47512091856999, "AB": -74.94725524591}, "095_Adeninethyminecomplexstack": {"A": -80.76977746311998, "B": -83.57556361312, "AB": -164.34237837186}, "081_Ammoniadimer": {"A": -11.650266761312, "B": -11.650266687814, "AB": -23.303312408506}, "087_2pyridoxine2aminopyridinecomplex": {"A": -57.090881969339996, "B": -51.621258561679994, "AB": -108.73098211080999}, "084_Formicaciddimer": {"A": -38.73964114642, "B": -38.7396418814, "AB": -77.50213355601998}, "092_Pyrazinedimer": {"A": -44.76159798169, "B": -44.76126062587, "AB": -89.51852296054}, "090_Ethenedimer": {"A": -13.624487131568, "B": -13.624487131568, "AB": -27.248358092652996}, "099_BenzeneHCNcomplex": {"A": -37.475196989, "B": -16.101692939023, "AB": -53.57915230670999}, "086_Uracildimerhbonded": {"A": -76.73411804247, "B": -76.7341206149, "AB": -153.49139603972}, "094_Indolebenzenecomplexstack": {"A": -37.47484272864, "B": -59.30163382369, "AB": -96.76863284576999}, "097_Benzenewatercomplex": {"A": -37.47511540622, "B": -17.117541944621, "AB": -54.59373156085999}, "098_Benzeneammoniacomplex": {"A": -37.47495518058, "B": -11.650119214076998, "AB": -49.12453921897}, "088_AdeninethymineWatsonCrickcomplex": {"A": -80.77153039041998, "B": -83.5754173521, "AB": -164.36362333625}, "093_Uracildimerstack": {"A": -76.73616385929999, "B": -76.73616496176999, "AB": -153.47190914748998}, "096_Etheneethynecomplex": {"A": -13.624630599663998, "B": -12.4009390253, "AB": -26.026485226299}, "091_Benzenedimerparalleldisplaced": {"A": -37.47490336449, "B": -37.47490336449, "AB": -74.94295671537999}, "083_BenzeneMethanecomplex": {"A": -37.47473652403, "B": -8.000779099051, "AB": -45.47355693813}, "102_Phenoldimer": {"A": -53.429392781909996, "B": -53.42973454760999, "AB": -106.86136387366}, "089_Methanedimer": {"A": -8.000954465279, "B": -8.000954538777, "AB": -16.001416273464}}