{"101_IndolebenzeneTshapecomplex": {"A": -37.894023137059996, "B": -59.93142532354, "AB": -97.82886905752}, "082_Waterdimer": {"A": -17.285173904582997, "B": -17.285184194303, "AB": -34.57856084317599}, "085_Formamidedimer": {"A": -33.600929474614, "B": -33.600929474614, "AB": -67.22614114496999}, "100_BenzenedimerTshaped": {"A": -37.89408083298999, "B": -37.89415616844, "AB": -75.7885026967}, "095_Adeninethyminecomplexstack": {"A": -81.56251696889, "B": -84.38852168371, "AB": -165.95346629153997}, "081_Ammoniadimer": {"A": -11.785625234987998, "B": -11.785625234987998, "AB": -23.57592259084}, "087_2pyridoxine2aminopyridinecomplex": {"A": -57.66669212811, "B": -52.166596449649994, "AB": -109.85860092147}, "084_Formicaciddimer": {"A": -39.09448912293, "B": -39.09448912293, "AB": -78.21908192419001}, "092_Pyrazinedimer": {"A": -45.21939901668, "B": -45.219306409199994, "AB": -90.43771173292}, "090_Ethenedimer": {"A": -13.792358621511998, "B": -13.792358621511998, "AB": -27.585295231295998}, "099_BenzeneHCNcomplex": {"A": -37.89412346183, "B": -16.264531138930998, "AB": -54.16339231859}, "086_Uracildimerhbonded": {"A": -77.46575461844999, "B": -77.46575461844999, "AB": -154.96184406644}, "094_Indolebenzenecomplexstack": {"A": -37.89405584367, "B": -59.93117102046, "AB": -97.82171549718}, "097_Benzenewatercomplex": {"A": -37.89410876223, "B": -17.285033927641997, "AB": -55.18253285861999}, "098_Benzeneammoniacomplex": {"A": -37.89408634534, "B": -11.785499038922, "AB": -49.68117485201}, "088_AdeninethymineWatsonCrickcomplex": {"A": -81.56345921325, "B": -84.38790797540999, "AB": -165.97502288745}, "093_Uracildimerstack": {"A": -77.46669833277, "B": -77.46669833277, "AB": -154.93797669340998}, "096_Etheneethynecomplex": {"A": -13.792385191039, "B": -12.544171817453, "AB": -26.338503198783}, "091_Benzenedimerparalleldisplaced": {"A": -37.89410802724999, "B": -37.89410802724999, "AB": -75.78524489784999}, "083_BenzeneMethanecomplex": {"A": -37.89405143379, "B": -8.109948875614, "AB": -46.00410298610999}, "102_Phenoldimer": {"A": -53.98489140088999, "B": -53.98495166925, "AB": -107.97649022926}, "089_Methanedimer": {"A": -8.109956004919999, "B": -8.109956004919999, "AB": -16.220059042589}}