{"101_IndolebenzeneTshapecomplex": {"A": -37.9230644018, "B": -59.97932103022, "AB": -97.89857713315}, "082_Waterdimer": {"A": -17.325515817564, "B": -17.325698092604, "AB": -34.655595089199}, "085_Formamidedimer": {"A": -33.662116155374996, "B": -33.662116155374996, "AB": -67.33918952124}, "100_BenzenedimerTshaped": {"A": -37.92311548290999, "B": -37.923513107089995, "AB": -75.84162888854999}, "095_Adeninethyminecomplexstack": {"A": -81.65785857448999, "B": -84.50467755541999, "AB": -166.14657052685996}, "081_Ammoniadimer": {"A": -11.811537836864, "B": -11.811537836864, "AB": -23.62429125715}, "087_2pyridoxine2aminopyridinecomplex": {"A": -57.736626210089995, "B": -52.221354664589995, "AB": -109.97342537690999}, "084_Formicaciddimer": {"A": -39.16874782723, "B": -39.16874782723, "AB": -78.35717253902}, "092_Pyrazinedimer": {"A": -45.27007625517, "B": -45.26978483559999, "AB": -90.5296327416}, "090_Ethenedimer": {"A": -13.811348630512999, "B": -13.811348630512999, "AB": -27.619504140415998}, "099_BenzeneHCNcomplex": {"A": -37.92336831603, "B": -16.29248467002, "AB": -54.21559427308999}, "086_Uracildimerhbonded": {"A": -77.57618830336999, "B": -77.57618830336999, "AB": -155.17303248465998}, "094_Indolebenzenecomplexstack": {"A": -37.923094903469995, "B": -59.97903990037, "AB": -97.88612951186998}, "097_Benzenewatercomplex": {"A": -37.92329702297, "B": -17.325151046989998, "AB": -55.24767119609999}, "098_Benzeneammoniacomplex": {"A": -37.92320809039, "B": -11.811436703616, "AB": -49.732458081509996}, "088_AdeninethymineWatsonCrickcomplex": {"A": -81.65957659024, "B": -84.50319069088, "AB": -166.17607262406}, "093_Uracildimerstack": {"A": -77.57888200507, "B": -77.57888200507, "AB": -155.14992581592998}, "096_Etheneethynecomplex": {"A": -13.811410809821, "B": -12.562179378687999, "AB": -26.373573283968998}, "091_Benzenedimerparalleldisplaced": {"A": -37.92328342584, "B": -37.92328342584, "AB": -75.83495600512998}, "083_BenzeneMethanecomplex": {"A": -37.92315811175, "B": -8.125331272034, "AB": -46.04495133706}, "102_Phenoldimer": {"A": -54.04358874113999, "B": -54.04387207593, "AB": -108.08628190914999}, "089_Methanedimer": {"A": -8.125222347998, "B": -8.125222347998, "AB": -16.249289197188997}}