{"101_IndolebenzeneTshapecomplex": {"A": -35.666041477311, "B": -56.55261863135999, "AB": -92.21833712171}, "082_Waterdimer": {"A": -16.541738621165, "B": -16.541960364631, "AB": -33.088377206994}, "085_Formamidedimer": {"A": -32.039108513799995, "B": -32.039108513799995, "AB": -64.09052794259999}, "100_BenzenedimerTshaped": {"A": -35.665457682696996, "B": -35.665771188415995, "AB": -71.32940255605999}, "095_Adeninethyminecomplexstack": {"A": -77.4338803733, "B": -80.30474679736, "AB": -157.73348120818997}, "081_Ammoniadimer": {"A": -11.150713864457998, "B": -11.150713864457998, "AB": -22.304115220034998}, "087_2pyridoxine2aminopyridinecomplex": {"A": -54.73370188703999, "B": -49.34071374151, "AB": -104.08817298418998}, "084_Formicaciddimer": {"A": -37.42798885611, "B": -37.42798885611, "AB": -74.87002428249}, "092_Pyrazinedimer": {"A": -42.844410736469996, "B": -42.84459852385999, "AB": -85.68416206722999}, "090_Ethenedimer": {"A": -12.937387293420999, "B": -12.937387293420999, "AB": -25.874046368657996}, "099_BenzeneHCNcomplex": {"A": -35.66585809980099, "B": -15.476679544152999, "AB": -51.14454208141}, "086_Uracildimerhbonded": {"A": -73.82337270608, "B": -73.82337270608, "AB": -147.66504751662998}, "094_Indolebenzenecomplexstack": {"A": -35.665758804003, "B": -56.552332724139994, "AB": -92.21044417149}, "097_Benzenewatercomplex": {"A": -35.665706510176, "B": -16.541311487538, "AB": -52.20829700990999}, "098_Benzeneammoniacomplex": {"A": -35.665655980301, "B": -11.150364859205, "AB": -46.816084268279994}, "088_AdeninethymineWatsonCrickcomplex": {"A": -77.43405125615, "B": -80.30636118092998, "AB": -157.75212654831998}, "093_Uracildimerstack": {"A": -73.82439028588999, "B": -73.82439028588999, "AB": -147.6476589923}, "096_Etheneethynecomplex": {"A": -12.93724805146, "B": -11.828254515975999, "AB": -24.766533634129}, "091_Benzenedimerparalleldisplaced": {"A": -35.665626654598995, "B": -35.665626654598995, "AB": -71.32534546645999}, "083_BenzeneMethanecomplex": {"A": -35.665642934405994, "B": -7.553172640899999, "AB": -43.217661877199994}, "102_Phenoldimer": {"A": -51.13021952615, "B": -51.13066161661999, "AB": -102.26222101131}, "089_Methanedimer": {"A": -7.553893876774, "B": -7.553893876774, "AB": -15.10759327784}}