{"101_IndolebenzeneTshapecomplex": {"A": -37.6893407618, "B": -59.610477564549996, "AB": -97.29467089392}, "082_Waterdimer": {"A": -17.229133884522998, "B": -17.229253833258998, "AB": -34.46163713786}, "085_Formamidedimer": {"A": -33.469914879734, "B": -33.469914879734, "AB": -66.95170990269}, "100_BenzenedimerTshaped": {"A": -37.689312465069996, "B": -37.689600577229996, "AB": -75.37306737887}, "095_Adeninethyminecomplexstack": {"A": -81.17144917798, "B": -84.01024291229, "AB": -165.1628020018}, "081_Ammoniadimer": {"A": -11.740385635781, "B": -11.740385635781, "AB": -23.481215640469998}, "087_2pyridoxine2aminopyridinecomplex": {"A": -57.396076167009994, "B": -51.905369123069995, "AB": -109.31383043806}, "084_Formicaciddimer": {"A": -38.95263577799, "B": -38.95263577799, "AB": -77.92100564033001}, "092_Pyrazinedimer": {"A": -45.00191733221, "B": -45.00170492299, "AB": -89.99199376913}, "090_Ethenedimer": {"A": -13.726812627375, "B": -13.726812627375, "AB": -27.449765397032998}, "099_BenzeneHCNcomplex": {"A": -37.68954104385, "B": -16.204608476774, "AB": -53.89287962217999}, "086_Uracildimerhbonded": {"A": -77.12820329377, "B": -77.12820329377, "AB": -154.27375395298998}, "094_Indolebenzenecomplexstack": {"A": -37.68927277615, "B": -59.610131021479994, "AB": -97.28187709705999}, "097_Benzenewatercomplex": {"A": -37.68945541868, "B": -17.228846654338998, "AB": -54.91673285397}, "098_Benzeneammoniacomplex": {"A": -37.68935288897, "B": -11.740230555001, "AB": -49.426756380149996}, "088_AdeninethymineWatsonCrickcomplex": {"A": -81.17287173176999, "B": -84.00935064656998, "AB": -165.19231144879998}, "093_Uracildimerstack": {"A": -77.13020464431, "B": -77.13020464431, "AB": -154.25029155394}, "096_Etheneethynecomplex": {"A": -13.726882891462997, "B": -12.490563147981998, "AB": -26.217041065464997}, "091_Benzenedimerparalleldisplaced": {"A": -37.6893664861, "B": -37.6893664861, "AB": -75.36606265198}, "083_BenzeneMethanecomplex": {"A": -37.689247051849996, "B": -8.072713245355999, "AB": -45.75786594412}, "102_Phenoldimer": {"A": -53.72079618234999, "B": -53.72104497307999, "AB": -107.43885750412}, "089_Methanedimer": {"A": -8.072778033842999, "B": -8.072778033842999, "AB": -16.144147147774998}}