{"101_IndolebenzeneTshapecomplex": {"A": -37.95106272992, "B": -60.01581609463, "AB": -97.9708201548}, "082_Waterdimer": {"A": -17.304647089436, "B": -17.304630148146998, "AB": -34.617881097208}, "085_Formamidedimer": {"A": -33.641308246841994, "B": -33.641308246841994, "AB": -67.30760669566}, "100_BenzenedimerTshaped": {"A": -37.95120752097999, "B": -37.95105648259, "AB": -75.90302691280999}, "095_Adeninethyminecomplexstack": {"A": -81.66645857547, "B": -84.49157580194, "AB": -166.16129254375}, "081_Ammoniadimer": {"A": -11.803286730889997, "B": -11.803286730889997, "AB": -23.611606531321996}, "087_2pyridoxine2aminopyridinecomplex": {"A": -57.74107871893, "B": -52.23906400769, "AB": -110.00625803598}, "084_Formicaciddimer": {"A": -39.13685594255999, "B": -39.13685594255999, "AB": -78.30472216127998}, "092_Pyrazinedimer": {"A": -45.280368180109996, "B": -45.28060484367, "AB": -90.5605570251}, "090_Ethenedimer": {"A": -13.815747338817, "B": -13.815747338817, "AB": -27.632454230773}, "099_BenzeneHCNcomplex": {"A": -37.95105317518, "B": -16.285679747442998, "AB": -54.24192015422}, "086_Uracildimerhbonded": {"A": -77.55751944388, "B": -77.55751944388, "AB": -155.14626341058997}, "094_Indolebenzenecomplexstack": {"A": -37.951119690869994, "B": -60.015590455769996, "AB": -97.96384666456}, "097_Benzenewatercomplex": {"A": -37.951099846409996, "B": -17.304522914565, "AB": -55.25940294685999}, "098_Benzeneammoniacomplex": {"A": -37.95114174027, "B": -11.803210403217, "AB": -49.75633023190999}, "088_AdeninethymineWatsonCrickcomplex": {"A": -81.66758235988999, "B": -84.4908275923, "AB": -166.18286677918}, "093_Uracildimerstack": {"A": -77.5579670467, "B": -77.5579670467, "AB": -155.12121602717}, "096_Etheneethynecomplex": {"A": -13.815700483841999, "B": -12.563220882097, "AB": -26.381209138185}, "091_Benzenedimerparalleldisplaced": {"A": -37.95111123859999, "B": -37.95111123859999, "AB": -75.89980365801999}, "083_BenzeneMethanecomplex": {"A": -37.95107375462, "B": -8.12560593406, "AB": -46.077177637629994}, "102_Phenoldimer": {"A": -54.057013518329995, "B": -54.05712670525, "AB": -108.12138014406999}, "089_Methanedimer": {"A": -8.125607881757, "B": -8.125607881757, "AB": -16.251731682724998}}