{"101_IndolebenzeneTshapecomplex": {"A": -37.730516178849996, "B": -59.67654859165, "AB": -97.40633309791}, "082_Waterdimer": {"A": -17.270150876634, "B": -17.270037395722, "AB": -34.546784166620995}, "085_Formamidedimer": {"A": -33.535623047208, "B": -33.535623047208, "AB": -67.09165413708}, "100_BenzenedimerTshaped": {"A": -37.730660602419995, "B": -37.7305951892, "AB": -75.45855363765}, "095_Adeninethyminecomplexstack": {"A": -81.29206895072, "B": -84.15965258661, "AB": -165.44599494065997}, "081_Ammoniadimer": {"A": -11.763540041461999, "B": -11.763540041461999, "AB": -23.530065902424997}, "087_2pyridoxine2aminopyridinecomplex": {"A": -57.48699282552, "B": -51.97867455831, "AB": -109.48627842796998}, "084_Formicaciddimer": {"A": -39.03752119062, "B": -39.03752119062, "AB": -78.10058844859}, "092_Pyrazinedimer": {"A": -45.06627585590999, "B": -45.06607447139, "AB": -90.12668620392999}, "090_Ethenedimer": {"A": -13.744604141239, "B": -13.744604141239, "AB": -27.487612310156997}, "099_BenzeneHCNcomplex": {"A": -37.730497804349994, "B": -16.227823003819, "AB": -53.960307422359996}, "086_Uracildimerhbonded": {"A": -77.2693771497, "B": -77.2693771497, "AB": -154.56524444856}, "094_Indolebenzenecomplexstack": {"A": -37.73049927431, "B": -59.676670230839996, "AB": -97.39754604451998}, "097_Benzenewatercomplex": {"A": -37.7305327159, "B": -17.269946405198, "AB": -55.00149221752999}, "098_Benzeneammoniacomplex": {"A": -37.73058306202999, "B": -11.763239324394998, "AB": -49.49317321533999}, "088_AdeninethymineWatsonCrickcomplex": {"A": -81.29315120877, "B": -84.15913626316, "AB": -165.47111435211997}, "093_Uracildimerstack": {"A": -77.27002907695999, "B": -77.27002907695999, "AB": -154.53879215086997}, "096_Etheneethynecomplex": {"A": -13.744654193376999, "B": -12.502581834934, "AB": -26.247897326565997}, "091_Benzenedimerparalleldisplaced": {"A": -37.730572404819995, "B": -37.730572404819995, "AB": -75.45360464982}, "083_BenzeneMethanecomplex": {"A": -37.730566157489996, "B": -8.084830823867, "AB": -45.81337310368}, "102_Phenoldimer": {"A": -53.80051027569999, "B": -53.80043677769999, "AB": -107.6042360889}, "089_Methanedimer": {"A": -8.084824723533, "B": -8.084824723533, "AB": -16.168621099798997}}