{"101_IndolebenzeneTshapecomplex": {"A": -37.73368137022, "B": -59.70214243269999, "AB": -97.44114873302}, "082_Waterdimer": {"A": -17.213319871097998, "B": -17.213307119195, "AB": -34.436006327315994}, "085_Formamidedimer": {"A": -33.46952603856499, "B": -33.46952603856499, "AB": -66.96691222900999}, "100_BenzenedimerTshaped": {"A": -37.73380411187999, "B": -37.73376956782, "AB": -75.46902747013999}, "095_Adeninethyminecomplexstack": {"A": -81.27951071494999, "B": -84.08334034819, "AB": -165.3702537817}, "081_Ammoniadimer": {"A": -11.726264207798, "B": -11.726264207798, "AB": -23.458045579714998}, "087_2pyridoxine2aminopyridinecomplex": {"A": -57.45065210690999, "B": -51.96367508647, "AB": -109.44357094510998}, "084_Formicaciddimer": {"A": -38.950967740879996, "B": -38.950967740879996, "AB": -77.93680366794}, "092_Pyrazinedimer": {"A": -45.04738576744, "B": -45.04742508887, "AB": -90.09602283832999}, "090_Ethenedimer": {"A": -13.717315803798998, "B": -13.717315803798998, "AB": -27.435809449797}, "099_BenzeneHCNcomplex": {"A": -37.73368431014, "B": -16.196211808010997, "AB": -53.936008983559994}, "086_Uracildimerhbonded": {"A": -77.19365510022, "B": -77.19365510022, "AB": -154.42149853011998}, "094_Indolebenzenecomplexstack": {"A": -37.73377838758, "B": -59.70204174043999, "AB": -97.43539016472}, "097_Benzenewatercomplex": {"A": -37.73373502375999, "B": -17.213233216956, "AB": -54.95130668065999}, "098_Benzeneammoniacomplex": {"A": -37.73376148303999, "B": -11.726112838667, "AB": -49.46222063511}, "088_AdeninethymineWatsonCrickcomplex": {"A": -81.28080868962999, "B": -84.08287841325999, "AB": -165.39118968699998}, "093_Uracildimerstack": {"A": -77.19399282353, "B": -77.19399282353, "AB": -154.3956169444}, "096_Etheneethynecomplex": {"A": -13.717296841314997, "B": -12.482596222024998, "AB": -26.202139125471}, "091_Benzenedimerparalleldisplaced": {"A": -37.73380264192, "B": -37.73380264192, "AB": -75.46653405049}, "083_BenzeneMethanecomplex": {"A": -37.73379124972999, "B": -8.055399982977999, "AB": -45.789976117849996}, "102_Phenoldimer": {"A": -53.774392026419996, "B": -53.774267447309995, "AB": -107.55744027979}, "089_Methanedimer": {"A": -8.055482925470999, "B": -8.055482925470999, "AB": -16.11113827725}}