{"101_IndolebenzeneTshapecomplex": {"A": -37.82094481064, "B": -59.82733561849, "AB": -97.64837377158999}, "082_Waterdimer": {"A": -17.253571749029, "B": -17.253308405694998, "AB": -34.513579975160994}, "085_Formamidedimer": {"A": -33.541634669122, "B": -33.541634411878995, "AB": -67.10640334823}, "100_BenzenedimerTshaped": {"A": -37.82104844282, "B": -37.82101169382, "AB": -75.64059568899}, "095_Adeninethyminecomplexstack": {"A": -81.43309176825998, "B": -84.2474536649, "AB": -165.6784161961}, "081_Ammoniadimer": {"A": -11.759975388462, "B": -11.759975388462, "AB": -23.523210633717998}, "087_2pyridoxine2aminopyridinecomplex": {"A": -57.56766165789, "B": -52.073909959299996, "AB": -109.66552277793998}, "084_Formicaciddimer": {"A": -39.02954592264, "B": -39.02954592264, "AB": -78.08863583633999}, "092_Pyrazinedimer": {"A": -45.14160395610999, "B": -45.141665694429996, "AB": -90.27954036201999}, "090_Ethenedimer": {"A": -13.759376761502, "B": -13.759376835, "AB": -27.517226932794998}, "099_BenzeneHCNcomplex": {"A": -37.82096575757, "B": -16.235192832023998, "AB": -54.05907734216999}, "086_Uracildimerhbonded": {"A": -77.34076281718, "B": -77.34076244968999, "AB": -154.71040777593}, "094_Indolebenzenecomplexstack": {"A": -37.82109107166, "B": -59.826422773329995, "AB": -97.64083618419998}, "097_Benzenewatercomplex": {"A": -37.82102749589, "B": -17.253298997951, "AB": -55.07615699828}, "098_Benzeneammoniacomplex": {"A": -37.820998831669996, "B": -11.759747728407, "AB": -49.580811863049995}, "088_AdeninethymineWatsonCrickcomplex": {"A": -81.43406635173999, "B": -84.247009002, "AB": -165.70351245569}, "093_Uracildimerstack": {"A": -77.34134712628, "B": -77.34134749376999, "AB": -154.68334728229}, "096_Etheneethynecomplex": {"A": -13.759381318377999, "B": -12.517414980799998, "AB": -26.277613082452}, "091_Benzenedimerparalleldisplaced": {"A": -37.82108813174, "B": -37.82108813174, "AB": -75.6366999275}, "083_BenzeneMethanecomplex": {"A": -37.82110099389, "B": -8.086438813111, "AB": -45.905994548299994}, "102_Phenoldimer": {"A": -53.88820257694999, "B": -53.88805521346, "AB": -107.78103736534999}, "089_Methanedimer": {"A": -8.086494157105, "B": -8.086494193854, "AB": -16.171870960865}}