{"101_IndolebenzeneTshapecomplex": {"A": -37.86298015429, "B": -59.87586745035999, "AB": -97.73763929753}, "082_Waterdimer": {"A": -17.298823769398, "B": -17.298935376111, "AB": -34.603168708556}, "085_Formamidedimer": {"A": -33.607574539040996, "B": -33.607574612539, "AB": -67.23227859546}, "100_BenzenedimerTshaped": {"A": -37.86306504448, "B": -37.863090401289995, "AB": -75.72227805878}, "095_Adeninethyminecomplexstack": {"A": -81.51332034761, "B": -84.36183015002999, "AB": -165.8657368738}, "081_Ammoniadimer": {"A": -11.794442128566, "B": -11.794442128566, "AB": -23.591272354148}, "087_2pyridoxine2aminopyridinecomplex": {"A": -57.64052794257999, "B": -52.13515033035, "AB": -109.79357834334}, "084_Formicaciddimer": {"A": -39.10617603991, "B": -39.10617603991, "AB": -78.23383481024}, "092_Pyrazinedimer": {"A": -45.196255598949996, "B": -45.19637723814, "AB": -90.38569830079}, "090_Ethenedimer": {"A": -13.793623705836998, "B": -13.793623742586, "AB": -27.585433701527997}, "099_BenzeneHCNcomplex": {"A": -37.863007716039995, "B": -16.269471821487, "AB": -54.133712723719995}, "086_Uracildimerhbonded": {"A": -77.44517003359, "B": -77.44516966609999, "AB": -154.91430482506}, "094_Indolebenzenecomplexstack": {"A": -37.86306173707, "B": -59.87576014328, "AB": -97.72742638294}, "097_Benzenewatercomplex": {"A": -37.86303527779, "B": -17.298846553778, "AB": -55.16259579113999}, "098_Benzeneammoniacomplex": {"A": -37.86306982185, "B": -11.794371496988, "AB": -49.65686979839}, "088_AdeninethymineWatsonCrickcomplex": {"A": -81.51453784197999, "B": -84.36116352316999, "AB": -165.89122451023997}, "093_Uracildimerstack": {"A": -77.44578374188998, "B": -77.44578410938, "AB": -154.88808257610998}, "096_Etheneethynecomplex": {"A": -13.793625837278999, "B": -12.544195924797, "AB": -26.338605140508996}, "091_Benzenedimerparalleldisplaced": {"A": -37.86309481117, "B": -37.86309444367999, "AB": -75.71803906163}, "083_BenzeneMethanecomplex": {"A": -37.86308893133, "B": -8.116234167331, "AB": -45.97737249848999}, "102_Phenoldimer": {"A": -53.955108908819994, "B": -53.95543413747, "AB": -107.91205710509}, "089_Methanedimer": {"A": -8.116212375174, "B": -8.116212448671998, "AB": -16.232055680141}}