{"101_IndolebenzeneTshapecomplex": {"A": -38.015001947529996, "B": -60.10500371269, "AB": -98.12071895831}, "082_Waterdimer": {"A": -17.322147918709998, "B": -17.322079712565998, "AB": -34.651101715471}, "085_Formamidedimer": {"A": -33.678272375488, "B": -33.678272375488, "AB": -67.37890343056}, "100_BenzenedimerTshaped": {"A": -38.01509161509, "B": -38.01511770687999, "AB": -76.02832262831}, "095_Adeninethyminecomplexstack": {"A": -81.76269501921999, "B": -84.58417335971, "AB": -166.34448226636}, "081_Ammoniadimer": {"A": -11.822444388828998, "B": -11.822444388828998, "AB": -23.64805904039}, "087_2pyridoxine2aminopyridinecomplex": {"A": -57.81337208671, "B": -52.312720763369995, "AB": -110.14910397140999}, "084_Formicaciddimer": {"A": -39.17277698758999, "B": -39.17277698758999, "AB": -78.37390803362}, "092_Pyrazinedimer": {"A": -45.34237991266999, "B": -45.342297962399996, "AB": -90.68066782419}, "090_Ethenedimer": {"A": -13.844893558701, "B": -13.844893558701, "AB": -27.688337479599}, "099_BenzeneHCNcomplex": {"A": -38.01503428664999, "B": -16.309056631569998, "AB": -54.326976817189994}, "086_Uracildimerhbonded": {"A": -77.63784173318, "B": -77.63784173318, "AB": -155.30393940497}, "094_Indolebenzenecomplexstack": {"A": -38.01509786241999, "B": -60.10500003778999, "AB": -98.11305899675}, "097_Benzenewatercomplex": {"A": -38.01507213812, "B": -17.322005001848996, "AB": -55.33869626415999}, "098_Benzeneammoniacomplex": {"A": -38.01508426528999, "B": -11.822253551271999, "AB": -49.83716296482}, "088_AdeninethymineWatsonCrickcomplex": {"A": -81.76385922754, "B": -84.58350011802999, "AB": -166.36832832497}, "093_Uracildimerstack": {"A": -77.63846352626, "B": -77.63846352626, "AB": -155.27741434426}, "096_Etheneethynecomplex": {"A": -13.844886907131999, "B": -12.587886296410998, "AB": -26.433497563081996}, "091_Benzenedimerparalleldisplaced": {"A": -38.01513203899, "B": -38.01513203899, "AB": -76.02439048531}, "083_BenzeneMethanecomplex": {"A": -38.01514526863, "B": -8.146458823368999, "AB": -46.159975339569996}, "102_Phenoldimer": {"A": -54.13062250031, "B": -54.13052768789, "AB": -108.26535500877999}, "089_Methanedimer": {"A": -8.146477675606, "B": -8.146477675606, "AB": -16.291724443457}}