{"101_IndolebenzeneTshapecomplex": {"A": -37.923446591399994, "B": -59.970781665089994, "AB": -97.89571732597}, "082_Waterdimer": {"A": -17.295277674643, "B": -17.295306338863, "AB": -34.597604579214995}, "085_Formamidedimer": {"A": -33.620321260432, "B": -33.620321260432, "AB": -67.26216618967}, "100_BenzenedimerTshaped": {"A": -37.92354728366, "B": -37.92353368653, "AB": -75.84596086066999}, "095_Adeninethyminecomplexstack": {"A": -81.60659041208, "B": -84.43139269961999, "AB": -166.03564109793}, "081_Ammoniadimer": {"A": -11.797105438843, "B": -11.797105438843, "AB": -23.597873613766996}, "087_2pyridoxine2aminopyridinecomplex": {"A": -57.70007969708, "B": -52.20104532973999, "AB": -109.92355918884998}, "084_Formicaciddimer": {"A": -39.11268796271, "B": -39.11268796271, "AB": -78.25230853254}, "092_Pyrazinedimer": {"A": -45.24860712187999, "B": -45.248658570479996, "AB": -90.49387927200999}, "090_Ethenedimer": {"A": -13.807977534495999, "B": -13.807977534495999, "AB": -27.615460684694998}, "099_BenzeneHCNcomplex": {"A": -37.923455043669996, "B": -16.277730277261, "AB": -54.204578392849996}, "086_Uracildimerhbonded": {"A": -77.50313606874, "B": -77.50313606874, "AB": -155.03366484208}, "094_Indolebenzenecomplexstack": {"A": -37.92352707171, "B": -59.97069383498, "AB": -97.88762666612999}, "097_Benzenewatercomplex": {"A": -37.92349987744999, "B": -17.295228467732, "AB": -55.220985542259996}, "098_Benzeneammoniacomplex": {"A": -37.92352082438, "B": -11.796985196115, "AB": -49.721075078759995}, "088_AdeninethymineWatsonCrickcomplex": {"A": -81.60768700224, "B": -84.43056474465, "AB": -166.05887602066997}, "093_Uracildimerstack": {"A": -77.50366966421998, "B": -77.50366966421998, "AB": -155.00852595364998}, "096_Etheneethynecomplex": {"A": -13.807965076584999, "B": -12.557041280503999, "AB": -26.366396314516}, "091_Benzenedimerparalleldisplaced": {"A": -37.92355426597, "B": -37.92355426597, "AB": -75.84198388389}, "083_BenzeneMethanecomplex": {"A": -37.92355389848, "B": -8.121882084391999, "AB": -46.04456510506999}, "102_Phenoldimer": {"A": -54.018042306299996, "B": -54.01814998087, "AB": -108.04062825896}, "089_Methanedimer": {"A": -8.121897077984, "B": -8.121897077984, "AB": -16.243529526419}}