{"101_IndolebenzeneTshapecomplex": {"A": -37.68852824141, "B": -59.608744114219995, "AB": -97.29211977833998}, "082_Waterdimer": {"A": -17.226829979466, "B": -17.22682909749, "AB": -34.456885896398994}, "085_Formamidedimer": {"A": -33.466354930605995, "B": -33.466354930605995, "AB": -66.94455156497999}, "100_BenzenedimerTshaped": {"A": -37.6886168065, "B": -37.688589612239994, "AB": -75.37136332774}, "095_Adeninethyminecomplexstack": {"A": -81.16858385844999, "B": -84.00304672310999, "AB": -165.15273020337}, "081_Ammoniadimer": {"A": -11.739872362498, "B": -11.739872362498, "AB": -23.480184022541998}, "087_2pyridoxine2aminopyridinecomplex": {"A": -57.392777576769994, "B": -51.90387674617999, "AB": -109.30899647459998}, "084_Formicaciddimer": {"A": -38.9479021393, "B": -38.9479021393, "AB": -77.91150345139998}, "092_Pyrazinedimer": {"A": -45.00038048903, "B": -45.0004330401, "AB": -89.98918210313998}, "090_Ethenedimer": {"A": -13.726614917755, "B": -13.726614917755, "AB": -27.449369757299}, "099_BenzeneHCNcomplex": {"A": -37.68851280683, "B": -16.204083590807, "AB": -53.891325874459994}, "086_Uracildimerhbonded": {"A": -77.12292209497998, "B": -77.12292209497998, "AB": -154.26311805740997}, "094_Indolebenzenecomplexstack": {"A": -37.68853779615, "B": -59.60864709686, "AB": -97.27965672248}, "097_Benzenewatercomplex": {"A": -37.688539633599994, "B": -17.226739576926, "AB": -54.91370620632999}, "098_Benzeneammoniacomplex": {"A": -37.68857344268, "B": -11.739719266164, "AB": -49.425467225229994}, "088_AdeninethymineWatsonCrickcomplex": {"A": -81.16961540288, "B": -84.00241023043, "AB": -165.1820915519}, "093_Uracildimerstack": {"A": -77.12336822784, "B": -77.12336822784, "AB": -154.23661026872998}, "096_Etheneethynecomplex": {"A": -13.726635901434, "B": -12.489993281239, "AB": -26.216222922478}, "091_Benzenedimerparalleldisplaced": {"A": -37.68857932251999, "B": -37.68857932251999, "AB": -75.36449199972}, "083_BenzeneMethanecomplex": {"A": -37.68855396571, "B": -8.072500615642, "AB": -45.75696081624999}, "102_Phenoldimer": {"A": -53.71712385477999, "B": -53.71712752967999, "AB": -107.43126442574}, "089_Methanedimer": {"A": -8.072583852127, "B": -8.072583852127, "AB": -16.143758233108}}