{"101_IndolebenzeneTshapecomplex": {"A": -37.69299765478999, "B": -59.64776971477, "AB": -97.35077081485}, "082_Waterdimer": {"A": -17.185571031939, "B": -17.185536046891, "AB": -34.383582041366}, "085_Formamidedimer": {"A": -33.426334093638, "B": -33.426334093638, "AB": -66.8874943326}, "100_BenzenedimerTshaped": {"A": -37.693123703859996, "B": -37.69310679931999, "AB": -75.39109313086}, "095_Adeninethyminecomplexstack": {"A": -81.20872846604999, "B": -83.99830316218998, "AB": -165.22604409087998}, "081_Ammoniadimer": {"A": -11.704558080206999, "B": -11.704558080206999, "AB": -23.417245480202}, "087_2pyridoxine2aminopyridinecomplex": {"A": -57.39182577767, "B": -51.911471662009994, "AB": -109.33975244767998}, "084_Formicaciddimer": {"A": -38.90203534491, "B": -38.90203534491, "AB": -77.8469244337}, "092_Pyrazinedimer": {"A": -45.00167919869, "B": -45.00165457686, "AB": -90.01038958355}, "090_Ethenedimer": {"A": -13.692909653679997, "B": -13.692909653679997, "AB": -27.389772176795997}, "099_BenzeneHCNcomplex": {"A": -37.69301014945, "B": -16.172127064646, "AB": -53.874486747679995}, "086_Uracildimerhbonded": {"A": -77.11631058239, "B": -77.11631058239, "AB": -154.27438125842}, "094_Indolebenzenecomplexstack": {"A": -37.693110106729996, "B": -59.647684457089994, "AB": -97.34769749597999}, "097_Benzenewatercomplex": {"A": -37.69305976059999, "B": -17.185480004665997, "AB": -54.88565238721999}, "098_Benzeneammoniacomplex": {"A": -37.69308401493999, "B": -11.704361473056998, "AB": -49.40232858487}, "088_AdeninethymineWatsonCrickcomplex": {"A": -81.21019805856, "B": -83.99812162213, "AB": -165.24343482015}, "093_Uracildimerstack": {"A": -77.11651674428, "B": -77.11651674428, "AB": -154.24916335964}, "096_Etheneethynecomplex": {"A": -13.692894402844999, "B": -12.462436418855999, "AB": -26.158989846132997}, "091_Benzenedimerparalleldisplaced": {"A": -37.693139138439996, "B": -37.693139138439996, "AB": -75.39038020026}, "083_BenzeneMethanecomplex": {"A": -37.69313289111, "B": -8.035586061397, "AB": -45.73193364477999}, "102_Phenoldimer": {"A": -53.71835531376999, "B": -53.71814988685999, "AB": -107.45090419380999}, "089_Methanedimer": {"A": -8.035714572649999, "B": -8.035714572649999, "AB": -16.072750492344}}