{"101_IndolebenzeneTshapecomplex": {"A": -38.254140185189996, "B": -60.47484675116, "AB": -98.73941005521998}, "082_Waterdimer": {"A": -17.338801242545998, "B": -17.338774379026997, "AB": -34.690328222804}, "085_Formamidedimer": {"A": -33.769089848446995, "B": -33.769089848446995, "AB": -67.57380873436999}, "100_BenzenedimerTshaped": {"A": -38.2542831388, "B": -38.25426439681, "AB": -76.51369349808}, "095_Adeninethyminecomplexstack": {"A": -82.15795403358, "B": -84.91188146473999, "AB": -167.08970678509}, "081_Ammoniadimer": {"A": -11.854813863502999, "B": -11.854813863502999, "AB": -23.717968316794998}, "087_2pyridoxine2aminopyridinecomplex": {"A": -58.07302104373999, "B": -52.58979278878999, "AB": -110.70009018067998}, "084_Formicaciddimer": {"A": -39.24759464418, "B": -39.24759464418, "AB": -78.53902239309}, "092_Pyrazinedimer": {"A": -45.56763290816999, "B": -45.56760644888999, "AB": -91.14275673249999}, "090_Ethenedimer": {"A": -13.915494929023, "B": -13.915494929023, "AB": -27.835149808096997}, "099_BenzeneHCNcomplex": {"A": -38.25415782470999, "B": -16.360029074777, "AB": -54.623843691459996}, "086_Uracildimerhbonded": {"A": -77.91769712786, "B": -77.91769712786, "AB": -155.87794776026996}, "094_Indolebenzenecomplexstack": {"A": -38.25426660175, "B": -60.474775090609995, "AB": -98.73651496899998}, "097_Benzenewatercomplex": {"A": -38.2542133157, "B": -17.338712750954, "AB": -55.60028703835}, "098_Benzeneammoniacomplex": {"A": -38.254243817369996, "B": -11.854627766566999, "AB": -50.11396672254}, "088_AdeninethymineWatsonCrickcomplex": {"A": -82.15941737876, "B": -84.91163267401, "AB": -167.10701887149997}, "093_Uracildimerstack": {"A": -77.91793893628, "B": -77.91793893628, "AB": -155.85262880174}, "096_Etheneethynecomplex": {"A": -13.915479604689999, "B": -12.647881684839, "AB": -26.567155403285}, "091_Benzenedimerparalleldisplaced": {"A": -38.25430298326, "B": -38.25430298326, "AB": -76.51312425606999}, "083_BenzeneMethanecomplex": {"A": -38.25429820589, "B": -8.183299842864999, "AB": -46.44100743722999}, "102_Phenoldimer": {"A": -54.39705752768, "B": -54.396849895829995, "AB": -108.80878452117999}, "089_Methanedimer": {"A": -8.183398771173, "B": -8.183398771173, "AB": -16.368200398672}}