{"101_IndolebenzeneTshapecomplex": {"A": -37.473312500279995, "B": -59.30038068278999, "AB": -96.77507053559}, "082_Waterdimer": {"A": -17.115276479018, "B": -17.115347147345, "AB": -34.236274336347996}, "085_Formamidedimer": {"A": -33.271933023142, "B": -33.27193309664, "AB": -66.5617511966}, "100_BenzenedimerTshaped": {"A": -37.47334006203, "B": -37.473383425849995, "AB": -74.9451094718}, "095_Adeninethyminecomplexstack": {"A": -80.76636825838999, "B": -83.56665969791, "AB": -164.32930675256}, "081_Ammoniadimer": {"A": -11.649543687988, "B": -11.649543687988, "AB": -23.301782657883}, "087_2pyridoxine2aminopyridinecomplex": {"A": -57.086503325989995, "B": -51.61960007931, "AB": -108.72497328182}, "084_Formicaciddimer": {"A": -38.733959751019995, "B": -38.73395864855, "AB": -77.49062303423999}, "092_Pyrazinedimer": {"A": -44.75950953602, "B": -44.75959552868, "AB": -89.51510456855999}, "090_Ethenedimer": {"A": -13.624492901161, "B": -13.624492901161, "AB": -27.247913172509996}, "099_BenzeneHCNcomplex": {"A": -37.473368726249994, "B": -16.100882586824, "AB": -53.57716712572999}, "086_Uracildimerhbonded": {"A": -76.72721731524999, "B": -76.72721731524999, "AB": -153.47682542871}, "094_Indolebenzenecomplexstack": {"A": -37.47339922792, "B": -59.30018591309, "AB": -96.76577267109998}, "097_Benzenewatercomplex": {"A": -37.47332389247, "B": -17.115317307157, "AB": -54.59018381239999}, "098_Benzeneammoniacomplex": {"A": -37.473329772309995, "B": -11.649513553807997, "AB": -49.122896171179995}, "088_AdeninethymineWatsonCrickcomplex": {"A": -80.76735496903999, "B": -83.56613969956, "AB": -164.34997696258998}, "093_Uracildimerstack": {"A": -76.72735328655, "B": -76.72735328655, "AB": -153.45452723798}, "096_Etheneethynecomplex": {"A": -13.624464861674, "B": -12.400618316776999, "AB": -26.025568338748997}, "091_Benzenedimerparalleldisplaced": {"A": -37.47343560943, "B": -37.47343560943, "AB": -74.94106377438999}, "083_BenzeneMethanecomplex": {"A": -37.47343744688, "B": -8.000502379081, "AB": -45.47255663034999}, "102_Phenoldimer": {"A": -53.424590790079996, "B": -53.424637828799995, "AB": -106.85196899181}, "089_Methanedimer": {"A": -8.000620122876999, "B": -8.000620086127999, "AB": -16.000870293570998}}