{"101_IndolebenzeneTshapecomplex": {"A": -38.267475294819995, "B": -60.49255719673, "AB": -98.76157815449}, "082_Waterdimer": {"A": -17.415522864826, "B": -17.415572843466, "AB": -34.838160924035996}, "085_Formamidedimer": {"A": -33.869177330153995, "B": -33.869177330153995, "AB": -67.75860181585}, "100_BenzenedimerTshaped": {"A": -38.267702403639994, "B": -38.26763184556, "AB": -76.53459412433999}, "095_Adeninethyminecomplexstack": {"A": -82.25024914708, "B": -85.06911206123999, "AB": -167.31460588772}, "081_Ammoniadimer": {"A": -11.900333232846998, "B": -11.900333232846998, "AB": -23.804636754155997}, "087_2pyridoxine2aminopyridinecomplex": {"A": -58.157221455009996, "B": -52.64042556098999, "AB": -110.81869169834}, "084_Formicaciddimer": {"A": -39.37748508714999, "B": -39.37748508714999, "AB": -78.77995581939999}, "092_Pyrazinedimer": {"A": -45.61713822105, "B": -45.61730359155, "AB": -91.23103959017999}, "090_Ethenedimer": {"A": -13.943771998307998, "B": -13.943771998307998, "AB": -27.888071124272}, "099_BenzeneHCNcomplex": {"A": -38.26752233353999, "B": -16.405543666750997, "AB": -54.67613347607}, "086_Uracildimerhbonded": {"A": -78.07321522096, "B": -78.07321522096, "AB": -156.17221133538}, "094_Indolebenzenecomplexstack": {"A": -38.26764213528, "B": -60.49244364232, "AB": -98.75255847992999}, "097_Benzenewatercomplex": {"A": -38.2675973015, "B": -17.415333497229, "AB": -55.68556088790999}, "098_Benzeneammoniacomplex": {"A": -38.267673371929995, "B": -11.900335621532, "AB": -50.16921259671}, "088_AdeninethymineWatsonCrickcomplex": {"A": -82.25139204098, "B": -85.06786075779, "AB": -167.33872609387}, "093_Uracildimerstack": {"A": -78.07408580477, "B": -78.07408580477, "AB": -156.14927554949998}, "096_Etheneethynecomplex": {"A": -13.943779054115998, "B": -12.672674434438, "AB": -26.618453589627997}, "091_Benzenedimerparalleldisplaced": {"A": -38.26772518802, "B": -38.26772518802, "AB": -76.53055577673}, "083_BenzeneMethanecomplex": {"A": -38.26774135758, "B": -8.211546116488, "AB": -46.47905735183}, "102_Phenoldimer": {"A": -54.460569354419995, "B": -54.46020700928, "AB": -108.92485954508999}, "089_Methanedimer": {"A": -8.21141889145, "B": -8.21141889145, "AB": -16.423789728996}}