{"101_IndolebenzeneTshapecomplex": {"A": -37.951877087759996, "B": -60.00927514011999, "AB": -97.96059511303999}, "082_Waterdimer": {"A": -17.307344025048, "B": -17.307369712598998, "AB": -34.62049722176899}, "085_Formamidedimer": {"A": -33.641872307243, "B": -33.641872307243, "AB": -67.30245411837}, "100_BenzenedimerTshaped": {"A": -37.951975207589996, "B": -37.951950585759995, "AB": -75.90132469912999}, "095_Adeninethyminecomplexstack": {"A": -81.65097916168999, "B": -84.47822599270998, "AB": -166.12187630133}, "081_Ammoniadimer": {"A": -11.808524676106998, "B": -11.808524676106998, "AB": -23.619627882547995}, "087_2pyridoxine2aminopyridinecomplex": {"A": -57.73497985488999, "B": -52.23497237403, "AB": -109.98943360879998}, "084_Formicaciddimer": {"A": -39.13492257767, "B": -39.13492257767, "AB": -78.29358868423999}, "092_Pyrazinedimer": {"A": -45.27753372974, "B": -45.27760612527, "AB": -90.54922436848}, "090_Ethenedimer": {"A": -13.823012689614998, "B": -13.823012689614998, "AB": -27.644359877800994}, "099_BenzeneHCNcomplex": {"A": -37.95187929269999, "B": -16.290822549498998, "AB": -54.244670449379996}, "086_Uracildimerhbonded": {"A": -77.54451323779999, "B": -77.54451323779999, "AB": -155.11340759965}, "094_Indolebenzenecomplexstack": {"A": -37.9519491158, "B": -60.009179592719995, "AB": -97.95129798353}, "097_Benzenewatercomplex": {"A": -37.95192375899, "B": -17.30728037578, "AB": -55.260250378799995}, "098_Benzeneammoniacomplex": {"A": -37.95194470591999, "B": -11.808412444661, "AB": -49.759824694319995}, "088_AdeninethymineWatsonCrickcomplex": {"A": -81.65202871313001, "B": -84.47734254675, "AB": -166.14686672379997}, "093_Uracildimerstack": {"A": -77.5450718226, "B": -77.5450718226, "AB": -155.0877476104}, "096_Etheneethynecomplex": {"A": -13.82299743878, "B": -12.569579010331998, "AB": -26.393354094701}, "091_Benzenedimerparalleldisplaced": {"A": -37.951971532689996, "B": -37.951971532689996, "AB": -75.89653740689998}, "083_BenzeneMethanecomplex": {"A": -37.951967857789995, "B": -8.133443503536999, "AB": -46.08348817590999}, "102_Phenoldimer": {"A": -54.05260988566, "B": -54.052713150349994, "AB": -108.10743610350998}, "089_Methanedimer": {"A": -8.133454307743, "B": -8.133454307743, "AB": -16.266175178944}}