{"101_IndolebenzeneTshapecomplex": {"A": -37.97894897359, "B": -60.05281719276999, "AB": -98.03079893267999}, "082_Waterdimer": {"A": -17.316824385072, "B": -17.316820011941, "AB": -34.63940796317699}, "085_Formamidedimer": {"A": -33.661984263213995, "B": -33.661984263213995, "AB": -67.34393749204}, "100_BenzenedimerTshaped": {"A": -37.97904525597, "B": -37.979076492619996, "AB": -75.95498558892999}, "095_Adeninethyminecomplexstack": {"A": -81.70778576589, "B": -84.53435384288, "AB": -166.23526019597}, "081_Ammoniadimer": {"A": -11.815252499282, "B": -11.815252499282, "AB": -23.632723792937}, "087_2pyridoxine2aminopyridinecomplex": {"A": -57.77406168141, "B": -52.27143620178999, "AB": -110.06608504049}, "084_Formicaciddimer": {"A": -39.15808106249, "B": -39.15808106249, "AB": -78.34191325175}, "092_Pyrazinedimer": {"A": -45.3087534752, "B": -45.30868879695999, "AB": -90.61118795985}, "090_Ethenedimer": {"A": -13.831466025335999, "B": -13.831466025335999, "AB": -27.660445944073}, "099_BenzeneHCNcomplex": {"A": -37.978987192549994, "B": -16.299567157793998, "AB": -54.280283170299995}, "086_Uracildimerhbonded": {"A": -77.59547748598, "B": -77.59547748598, "AB": -155.216641053}, "094_Indolebenzenecomplexstack": {"A": -37.979051870789995, "B": -60.052804698109995, "AB": -98.02196925045}, "097_Benzenewatercomplex": {"A": -37.979027248959994, "B": -17.316716563506, "AB": -55.29636104866999}, "098_Benzeneammoniacomplex": {"A": -37.97904452099, "B": -11.815085144335999, "AB": -49.79302741582}, "088_AdeninethymineWatsonCrickcomplex": {"A": -81.70889411573, "B": -84.53346304712, "AB": -166.26079928100998}, "093_Uracildimerstack": {"A": -77.59614962519, "B": -77.59614962519, "AB": -155.18950632638}, "096_Etheneethynecomplex": {"A": -13.831461615456, "B": -12.576694314962998, "AB": -26.408395203158}, "091_Benzenedimerparalleldisplaced": {"A": -37.97909376465, "B": -37.97909376465, "AB": -75.95032250831999}, "083_BenzeneMethanecomplex": {"A": -37.97910405437, "B": -8.138172291358998, "AB": -46.11475532758}, "102_Phenoldimer": {"A": -54.08990607826999, "B": -54.08987153421, "AB": -108.18190354212999}, "089_Methanedimer": {"A": -8.138164243328, "B": -8.138164243328, "AB": -16.274756254189}}