{"101_IndolebenzeneTshapecomplex": {"A": -37.95951463243, "B": -60.01875123726, "AB": -97.98103196692}, "082_Waterdimer": {"A": -17.311907846609, "B": -17.311869848143, "AB": -34.631744510462}, "085_Formamidedimer": {"A": -33.649900052795, "B": -33.649900052795, "AB": -67.32350210812}, "100_BenzenedimerTshaped": {"A": -37.959582250589996, "B": -37.95958886541, "AB": -75.91903477721}, "095_Adeninethyminecomplexstack": {"A": -81.66400778466, "B": -84.49823361826999, "AB": -166.16431073912}, "081_Ammoniadimer": {"A": -11.811652714237999, "B": -11.811652714237999, "AB": -23.62774823558}, "087_2pyridoxine2aminopyridinecomplex": {"A": -57.747564549939995, "B": -52.24578392982999, "AB": -110.01772151904}, "084_Formicaciddimer": {"A": -39.14460152929, "B": -39.14460152929, "AB": -78.3181531858}, "092_Pyrazinedimer": {"A": -45.28580115227, "B": -45.28576293331, "AB": -90.57028595535999}, "090_Ethenedimer": {"A": -13.826716364081998, "B": -13.826716364081998, "AB": -27.653684385315994}, "099_BenzeneHCNcomplex": {"A": -37.95952418716999, "B": -16.293330485004, "AB": -54.257045675129994}, "086_Uracildimerhbonded": {"A": -77.56142145269999, "B": -77.56142145269999, "AB": -155.15240343351}, "094_Indolebenzenecomplexstack": {"A": -37.95957232836, "B": -60.01874425495, "AB": -97.97459795199998}, "097_Benzenewatercomplex": {"A": -37.95955689378, "B": -17.311828285024, "AB": -55.27440388866}, "098_Benzeneammoniacomplex": {"A": -37.95957232836, "B": -11.811473489364998, "AB": -49.77230208228999}, "088_AdeninethymineWatsonCrickcomplex": {"A": -81.66508710278998, "B": -84.49738140896, "AB": -166.18522018514}, "093_Uracildimerstack": {"A": -77.56214614298, "B": -77.56214614298, "AB": -155.12844565793998}, "096_Etheneethynecomplex": {"A": -13.826707066584998, "B": -12.571521929962, "AB": -26.399899348843995}, "091_Benzenedimerparalleldisplaced": {"A": -37.959595847719996, "B": -37.959595847719996, "AB": -75.91599489993}, "083_BenzeneMethanecomplex": {"A": -37.95959327529, "B": -8.136330541725998, "AB": -46.095753889639994}, "102_Phenoldimer": {"A": -54.06471096387, "B": -54.064824885769994, "AB": -108.13587688958998}, "089_Methanedimer": {"A": -8.136335282347, "B": -8.136335282347, "AB": -16.272517725603}}