{"101_IndolebenzeneTshapecomplex": {"A": -37.92219749289, "B": -59.977345403979996, "AB": -97.89572835066998}, "082_Waterdimer": {"A": -17.323197911138, "B": -17.323216506132, "AB": -34.650773363156}, "085_Formamidedimer": {"A": -33.658330310144, "B": -33.658330310144, "AB": -67.33157733338}, "100_BenzenedimerTshaped": {"A": -37.92245179597, "B": -37.92233934403, "AB": -75.83979401098}, "095_Adeninethyminecomplexstack": {"A": -81.65487712811999, "B": -84.49696247036, "AB": -166.13586297072996}, "081_Ammoniadimer": {"A": -11.810984727665, "B": -11.810984727665, "AB": -23.623179011915997}, "087_2pyridoxine2aminopyridinecomplex": {"A": -57.733252284399995, "B": -52.2197998144, "AB": -109.96844441745}, "084_Formicaciddimer": {"A": -39.16408842152, "B": -39.16408842152, "AB": -78.34782396090999}, "092_Pyrazinedimer": {"A": -45.26835199209, "B": -45.268343539819995, "AB": -90.52646571278}, "090_Ethenedimer": {"A": -13.811098994556, "B": -13.811098994556, "AB": -27.619004060024}, "099_BenzeneHCNcomplex": {"A": -37.92218095584, "B": -16.291906865492997, "AB": -54.21382811614999}, "086_Uracildimerhbonded": {"A": -77.57119631921, "B": -77.57119631921, "AB": -155.16296031873998}, "094_Indolebenzenecomplexstack": {"A": -37.922258863719996, "B": -59.97738288796, "AB": -97.88363462225999}, "097_Benzenewatercomplex": {"A": -37.92225739376, "B": -17.323074838736996, "AB": -55.244551940979996}, "098_Benzeneammoniacomplex": {"A": -37.92234853128, "B": -11.8108419578, "AB": -49.73100576102999}, "088_AdeninethymineWatsonCrickcomplex": {"A": -81.65599025533, "B": -84.49604705277, "AB": -166.16532096913}, "093_Uracildimerstack": {"A": -77.57185081889999, "B": -77.57185081889999, "AB": -155.13585388885}, "096_Etheneethynecomplex": {"A": -13.811141586646999, "B": -12.561383946583, "AB": -26.372506533996997}, "091_Benzenedimerparalleldisplaced": {"A": -37.922362495899996, "B": -37.922362495899996, "AB": -75.8331196576}, "083_BenzeneMethanecomplex": {"A": -37.92234007901, "B": -8.125094571724999, "AB": -46.04389811072}, "102_Phenoldimer": {"A": -54.03973818092, "B": -54.0395955948, "AB": -108.0781511929}, "089_Methanedimer": {"A": -8.12501243771, "B": -8.12501243771, "AB": -16.248868678382}}