{"101_IndolebenzeneTshapecomplex": {"A": -37.89320106192999, "B": -59.929674233689994, "AB": -97.82629479007}, "082_Waterdimer": {"A": -17.282462232622, "B": -17.282488214165, "AB": -34.573137242011}, "085_Formamidedimer": {"A": -33.597318995611, "B": -33.597318995611, "AB": -67.21888395245}, "100_BenzenedimerTshaped": {"A": -37.89330616407, "B": -37.89329844678, "AB": -75.78687067361}, "095_Adeninethyminecomplexstack": {"A": -81.55896775046999, "B": -84.38108295113, "AB": -165.94247172571997}, "081_Ammoniadimer": {"A": -11.785055147750999, "B": -11.785055147750999, "AB": -23.574780284923996}, "087_2pyridoxine2aminopyridinecomplex": {"A": -57.66275079786, "B": -52.16479538116, "AB": -109.85283757579998}, "084_Formicaciddimer": {"A": -39.08890511238, "B": -39.08890511238, "AB": -78.2078657619}, "092_Pyrazinedimer": {"A": -45.21774788411, "B": -45.21777801829, "AB": -90.43453037199}, "090_Ethenedimer": {"A": -13.792129932484999, "B": -13.792129932484999, "AB": -27.584837742994996}, "099_BenzeneHCNcomplex": {"A": -37.893213924079994, "B": -16.263919819315998, "AB": -54.161870175009994}, "086_Uracildimerhbonded": {"A": -77.458696973, "B": -77.458696973, "AB": -154.94769790638}, "094_Indolebenzenecomplexstack": {"A": -37.89328925952999, "B": -59.92959522334, "AB": -97.81937201344999}, "097_Benzenewatercomplex": {"A": -37.893259492839995, "B": -17.282419383287998, "AB": -55.179066325449995}, "098_Benzeneammoniacomplex": {"A": -37.89328117475, "B": -11.784925129788999, "AB": -49.67979639702}, "088_AdeninethymineWatsonCrickcomplex": {"A": -81.5601132168, "B": -84.38031746946, "AB": -165.96406617309998}, "093_Uracildimerstack": {"A": -77.45920447668999, "B": -77.45920447668999, "AB": -154.92298273391998}, "096_Etheneethynecomplex": {"A": -13.792118907785, "B": -12.543854673582999, "AB": -26.337919514415997}, "091_Benzenedimerparalleldisplaced": {"A": -37.89332012868999, "B": -37.89332012868999, "AB": -75.78366910073}, "083_BenzeneMethanecomplex": {"A": -37.89332196614, "B": -8.10975498789, "AB": -46.00317948373999}, "102_Phenoldimer": {"A": -53.98109927158, "B": -53.98119481897999, "AB": -107.96892912250999}, "089_Methanedimer": {"A": -8.109775273337998, "B": -8.109775273337998, "AB": -16.219697689672}}