{"101_IndolebenzeneTshapecomplex": {"A": -37.69477483642999, "B": -59.64924481962999, "AB": -97.35404662071}, "082_Waterdimer": {"A": -17.184409249052997, "B": -17.184371507829997, "AB": -34.381263436709}, "085_Formamidedimer": {"A": -33.424836755632995, "B": -33.424836755632995, "AB": -66.88449892161}, "100_BenzenedimerTshaped": {"A": -37.69489537315, "B": -37.69487993857, "AB": -75.39465704887999}, "095_Adeninethyminecomplexstack": {"A": -81.20685463454, "B": -83.99568663339, "AB": -165.22162759606}, "081_Ammoniadimer": {"A": -11.704332073857, "B": -11.704332073857, "AB": -23.416805116934995}, "087_2pyridoxine2aminopyridinecomplex": {"A": -57.39120582203999, "B": -51.91176565401, "AB": -109.33943309886999}, "084_Formicaciddimer": {"A": -38.89965033481, "B": -38.89965033481, "AB": -77.8421397139}, "092_Pyrazinedimer": {"A": -45.00164722705999, "B": -45.001625912639994, "AB": -90.01036606419}, "090_Ethenedimer": {"A": -13.693843813259997, "B": -13.693843813259997, "AB": -27.391656077531998}, "099_BenzeneHCNcomplex": {"A": -37.69478659611, "B": -16.171978561937, "AB": -53.87612795802}, "086_Uracildimerhbonded": {"A": -77.11325196311999, "B": -77.11325196311999, "AB": -154.26826071246998}, "094_Indolebenzenecomplexstack": {"A": -37.694883245979995, "B": -59.64915551955999, "AB": -97.35099792367}, "097_Benzenewatercomplex": {"A": -37.694833267339995, "B": -17.184317707294, "AB": -54.886277120219994}, "098_Benzeneammoniacomplex": {"A": -37.694856051719995, "B": -11.70413351901, "AB": -49.403887109959996}, "088_AdeninethymineWatsonCrickcomplex": {"A": -81.20832018466, "B": -83.99552714273, "AB": -165.23897055163}, "093_Uracildimerstack": {"A": -77.11344930525, "B": -77.11344930525, "AB": -154.24307662277}, "096_Etheneethynecomplex": {"A": -13.693828121436997, "B": -12.463123000422998, "AB": -26.160616908107997}, "091_Benzenedimerparalleldisplaced": {"A": -37.69490897028, "B": -37.69490897028, "AB": -75.39395845039}, "083_BenzeneMethanecomplex": {"A": -37.69490272295, "B": -8.036329603914, "AB": -45.734462710959995}, "102_Phenoldimer": {"A": -53.718675765049994, "B": -53.7184718081, "AB": -107.45156751325999}, "089_Methanedimer": {"A": -8.036467816903, "B": -8.036467816903, "AB": -16.074263705916998}}