{"101_IndolebenzeneTshapecomplex": {"A": -37.69912775548, "B": -59.646491952039995, "AB": -97.34736418255}, "082_Waterdimer": {"A": -17.199520989087997, "B": -17.199495301537, "AB": -34.406544286526}, "085_Formamidedimer": {"A": -33.441162462133995, "B": -33.441162462133995, "AB": -66.90617090938}, "100_BenzenedimerTshaped": {"A": -37.699229182719996, "B": -37.69924865969, "AB": -75.39722617147}, "095_Adeninethyminecomplexstack": {"A": -81.20522334643, "B": -84.00525533801, "AB": -165.20955554955998}, "081_Ammoniadimer": {"A": -11.717536136552999, "B": -11.717536136552999, "AB": -23.438794873307998}, "087_2pyridoxine2aminopyridinecomplex": {"A": -57.39830389138999, "B": -51.915974884469996, "AB": -109.33916336121}, "084_Formicaciddimer": {"A": -38.917720920579995, "B": -38.917720920579995, "AB": -77.86588728518998}, "092_Pyrazinedimer": {"A": -45.00754544156, "B": -45.00749215550999, "AB": -90.01180625749998}, "090_Ethenedimer": {"A": -13.706915248815, "B": -13.706915248815, "AB": -27.412868188315997}, "099_BenzeneHCNcomplex": {"A": -37.69915494974, "B": -16.185396724306997, "AB": -53.88814451353}, "086_Uracildimerhbonded": {"A": -77.12325467343, "B": -77.12325467343, "AB": -154.27643773245998}, "094_Indolebenzenecomplexstack": {"A": -37.699236165029994, "B": -59.64642727379999, "AB": -97.33948593193}, "097_Benzenewatercomplex": {"A": -37.69919500615, "B": -17.199422575266, "AB": -54.900774233229996}, "098_Benzeneammoniacomplex": {"A": -37.699211910689996, "B": -11.717338132940998, "AB": -49.4169756338}, "088_AdeninethymineWatsonCrickcomplex": {"A": -81.20654190055, "B": -84.00487167845, "AB": -165.23447210653998}, "093_Uracildimerstack": {"A": -77.12363098319, "B": -77.12363098319, "AB": -154.24887451249998}, "096_Etheneethynecomplex": {"A": -13.706906906792, "B": -12.474626135653999, "AB": -26.182565505600998}, "091_Benzenedimerparalleldisplaced": {"A": -37.69926997411, "B": -37.69926997411, "AB": -75.39329329348999}, "083_BenzeneMethanecomplex": {"A": -37.69926923913, "B": -8.049842431707999, "AB": -45.74792092974}, "102_Phenoldimer": {"A": -53.72455560504999, "B": -53.72434466578999, "AB": -107.45397824765999}, "089_Methanedimer": {"A": -8.049948452573, "B": -8.049948452573, "AB": -16.099008461321997}}