{"101_IndolebenzeneTshapecomplex": {"A": -37.97195269897, "B": -60.04417713537999, "AB": -98.01752151897999}, "082_Waterdimer": {"A": -17.313532924138, "B": -17.313469127874, "AB": -34.634148924033994}, "085_Formamidedimer": {"A": -33.656868692166995, "B": -33.656868692166995, "AB": -67.3360783509}, "100_BenzenedimerTshaped": {"A": -37.972104104850004, "B": -37.97194792159999, "AB": -75.94281615757998}, "095_Adeninethyminecomplexstack": {"A": -81.6991934822, "B": -84.52546168735, "AB": -166.22255422921998}, "081_Ammoniadimer": {"A": -11.811672521949, "B": -11.811672521949, "AB": -23.626944130711}, "087_2pyridoxine2aminopyridinecomplex": {"A": -57.76666116779, "B": -52.2638912646, "AB": -110.05376236580999}, "084_Formicaciddimer": {"A": -39.153160371389994, "B": -39.153160371389994, "AB": -78.33455095708999}, "092_Pyrazinedimer": {"A": -45.30191191387, "B": -45.3019843094, "AB": -90.60044328723001}, "090_Ethenedimer": {"A": -13.826763660044998, "B": -13.826763660044998, "AB": -27.652726743124997}, "099_BenzeneHCNcomplex": {"A": -37.97190786519, "B": -16.295408493957996, "AB": -54.27073431013999}, "086_Uracildimerhbonded": {"A": -77.58775247868999, "B": -77.58775247868999, "AB": -155.20382704419}, "094_Indolebenzenecomplexstack": {"A": -37.972020317129996, "B": -60.04409849252, "AB": -98.00957895760999}, "097_Benzenewatercomplex": {"A": -37.971976585819995, "B": -17.313367774131997, "AB": -55.28750380469}, "098_Benzeneammoniacomplex": {"A": -37.97199973769, "B": -11.811540225548999, "AB": -49.783947472899996}, "088_AdeninethymineWatsonCrickcomplex": {"A": -81.70029301228, "B": -84.52470171802999, "AB": -166.24628930584998}, "093_Uracildimerstack": {"A": -77.5882959964, "B": -77.5882959964, "AB": -155.17763750185}, "096_Etheneethynecomplex": {"A": -13.826707066584998, "B": -12.572558986742, "AB": -26.400536135515996}, "091_Benzenedimerparalleldisplaced": {"A": -37.971997532749995, "B": -37.971997532749995, "AB": -75.93875245315999}, "083_BenzeneMethanecomplex": {"A": -37.97200892494, "B": -8.134116818714999, "AB": -46.10509475046}, "102_Phenoldimer": {"A": -54.08232475957, "B": -54.08229131798, "AB": -108.16919867784998}, "089_Methanedimer": {"A": -8.134128137406998, "B": -8.134128137406998, "AB": -16.267748146390996}}