{"101_IndolebenzeneTshapecomplex": {"A": -34.82925906676999, "B": -55.28812302533999, "AB": -90.11552773756999}, "082_Waterdimer": {"A": -16.253581149648, "B": -16.253001581169, "AB": -32.509929535744995}, "085_Formamidedimer": {"A": -31.439910923939998, "B": -31.439910923939998, "AB": -62.88763578774999}, "100_BenzenedimerTshaped": {"A": -34.828892752738, "B": -34.828577887306, "AB": -69.65455365141999}, "095_Adeninethyminecomplexstack": {"A": -75.87822391024, "B": -78.75246425998999, "AB": -154.62305430045998}, "081_Ammoniadimer": {"A": -10.908405694807, "B": -10.908405694807, "AB": -21.818671146257}, "087_2pyridoxine2aminopyridinecomplex": {"A": -53.62430874293, "B": -48.275543976509994, "AB": -101.9090267398}, "084_Formicaciddimer": {"A": -36.785367177889995, "B": -36.785367177889995, "AB": -73.57866736240999}, "092_Pyrazinedimer": {"A": -41.94619241345, "B": -41.94600756598, "AB": -83.88598645850999}, "090_Ethenedimer": {"A": -12.613356587322999, "B": -12.613356587322999, "AB": -25.225438645827996}, "099_BenzeneHCNcomplex": {"A": -34.829040410219996, "B": -15.175702073738998, "AB": -50.005265385479994}, "086_Uracildimerhbonded": {"A": -72.43900516947, "B": -72.43900516947, "AB": -144.89155712280999}, "094_Indolebenzenecomplexstack": {"A": -34.828783056973, "B": -55.287493514969995, "AB": -90.10708355234999}, "097_Benzenewatercomplex": {"A": -34.828894700434994, "B": -16.253200283012, "AB": -51.08236644831}, "098_Benzeneammoniacomplex": {"A": -34.828654876460995, "B": -10.907827375794, "AB": -45.73575039591999}, "088_AdeninethymineWatsonCrickcomplex": {"A": -75.87922495299999, "B": -78.75477613957999, "AB": -154.64127041226996}, "093_Uracildimerstack": {"A": -72.4378574982, "B": -72.4378574982, "AB": -144.87286437646998}, "096_Etheneethynecomplex": {"A": -12.613309401606998, "B": -11.557920088965, "AB": -24.171462111742}, "091_Benzenedimerparalleldisplaced": {"A": -34.828472417676, "B": -34.828472417676, "AB": -69.64989571567}, "083_BenzeneMethanecomplex": {"A": -34.82858740529699, "B": -7.342402463048999, "AB": -42.169133529359996}, "102_Phenoldimer": {"A": -50.050354938519995, "B": -50.05020537009, "AB": -100.09990764637}, "089_Methanedimer": {"A": -7.343450103541, "B": -7.343450103541, "AB": -14.686190988130997}}