{"101_IndolebenzeneTshapecomplex": {"A": -37.808680566869995, "B": -59.80531194278999, "AB": -97.61542719061998}, "082_Waterdimer": {"A": -17.250017312251, "B": -17.250027418225997, "AB": -34.507173154501}, "085_Formamidedimer": {"A": -33.533257146588, "B": -33.533257256835, "AB": -67.08866570839999}, "100_BenzenedimerTshaped": {"A": -37.80876802949, "B": -37.80874708256, "AB": -75.6151686884}, "095_Adeninethyminecomplexstack": {"A": -81.40489609801, "B": -84.22154414994, "AB": -165.62437274921}, "081_Ammoniadimer": {"A": -11.757945483949, "B": -11.757945520698, "AB": -23.519469365023998}, "087_2pyridoxine2aminopyridinecomplex": {"A": -57.548710198589994, "B": -52.05689112991, "AB": -109.62916000992999}, "084_Formicaciddimer": {"A": -39.01969498569999, "B": -39.019694618209996, "AB": -78.0673045118}, "092_Pyrazinedimer": {"A": -45.12700945825, "B": -45.12707891386, "AB": -90.25052959895}, "090_Ethenedimer": {"A": -13.756654910067999, "B": -13.756654910067999, "AB": -27.512585791337997}, "099_BenzeneHCNcomplex": {"A": -37.808655945039995, "B": -16.231985452801997, "AB": -54.043988202769995}, "086_Uracildimerhbonded": {"A": -77.31665804560998, "B": -77.31665804560998, "AB": -154.66185279219}, "094_Indolebenzenecomplexstack": {"A": -37.808765089569995, "B": -59.805217865349995, "AB": -97.60743024073}, "097_Benzenewatercomplex": {"A": -37.80869820639, "B": -17.249951311047, "AB": -55.06081649572}, "098_Benzeneammoniacomplex": {"A": -37.808744142639995, "B": -11.757820316854998, "AB": -49.56722796269}, "088_AdeninethymineWatsonCrickcomplex": {"A": -81.40614078664, "B": -84.22079300037998, "AB": -165.64806262456997}, "093_Uracildimerstack": {"A": -77.31701561338, "B": -77.31701598086998, "AB": -154.63548869209998}, "096_Etheneethynecomplex": {"A": -13.756632493178, "B": -12.515188322140999, "AB": -26.273067084156}, "091_Benzenedimerparalleldisplaced": {"A": -37.80879595873, "B": -37.80879632622, "AB": -75.61245440726}, "083_BenzeneMethanecomplex": {"A": -37.80878383156, "B": -8.085545150929, "AB": -45.89311512626999}, "102_Phenoldimer": {"A": -53.87087468846999, "B": -53.870859988869995, "AB": -107.74626215413998}, "089_Methanedimer": {"A": -8.085596121792, "B": -8.085596158541, "AB": -16.170735857752998}}