{"101_IndolebenzeneTshapecomplex": {"A": -38.050561749889994, "B": -60.152315845249994, "AB": -98.20566757921999}, "082_Waterdimer": {"A": -17.346888925717, "B": -17.346846737865, "AB": -34.70178402532299}, "085_Formamidedimer": {"A": -33.718363145802996, "B": -33.718363145802996, "AB": -67.46062659174}, "100_BenzenedimerTshaped": {"A": -38.05062532565999, "B": -38.050648110039994, "AB": -76.10119663029}, "095_Adeninethyminecomplexstack": {"A": -81.82806965277, "B": -84.66739661506999, "AB": -166.49767745517}, "081_Ammoniadimer": {"A": -11.841356159208999, "B": -11.841356159208999, "AB": -23.687199408067}, "087_2pyridoxine2aminopyridinecomplex": {"A": -57.86835373557, "B": -52.36119085692, "AB": -110.25404257835999}, "084_Formicaciddimer": {"A": -39.2184666518, "B": -39.2184666518, "AB": -78.46612376927999}, "092_Pyrazinedimer": {"A": -45.38320988912, "B": -45.38317644752999, "AB": -90.76519713900998}, "090_Ethenedimer": {"A": -13.865548003409998, "B": -13.865548003409998, "AB": -27.731408299821997}, "099_BenzeneHCNcomplex": {"A": -38.05057755196, "B": -16.328357059374, "AB": -54.38317044807}, "086_Uracildimerhbonded": {"A": -77.71203281932, "B": -77.71203281932, "AB": -155.45386577022998}, "094_Indolebenzenecomplexstack": {"A": -38.05062128327, "B": -60.15231915265999, "AB": -98.19932065943}, "097_Benzenewatercomplex": {"A": -38.05060952359, "B": -17.346790658891, "AB": -55.40047133315999}, "098_Benzeneammoniacomplex": {"A": -38.05062532565999, "B": -11.841186415578, "AB": -49.89311699222}, "088_AdeninethymineWatsonCrickcomplex": {"A": -81.82911736675999, "B": -84.66649111970999, "AB": -166.51851891553997}, "093_Uracildimerstack": {"A": -77.71279719852, "B": -77.71279719852, "AB": -155.42988557777}, "096_Etheneethynecomplex": {"A": -13.865540947602, "B": -12.603299929481, "AB": -26.470561061023997}, "091_Benzenedimerparalleldisplaced": {"A": -38.050651049959995, "B": -38.050651049959995, "AB": -76.09819644192999}, "083_BenzeneMethanecomplex": {"A": -38.05064847753, "B": -8.163214640165998, "AB": -46.21374647637}, "102_Phenoldimer": {"A": -54.18253487269, "B": -54.182669741519994, "AB": -108.37169007773}, "089_Methanedimer": {"A": -8.16319207628, "B": -8.16319207628, "AB": -16.326271663871}}