{"101_IndolebenzeneTshapecomplex": {"A": -35.665416928056, "B": -56.551385702409995, "AB": -92.21647872477999}, "082_Waterdimer": {"A": -16.539558413242, "B": -16.539351883861997, "AB": -33.083552357285996}, "085_Formamidedimer": {"A": -32.035249538059, "B": -32.035249538059, "AB": -64.08284152176}, "100_BenzenedimerTshaped": {"A": -35.664980313186994, "B": -35.665104524807, "AB": -71.32825745721999}, "095_Adeninethyminecomplexstack": {"A": -77.42991037882999, "B": -80.29709749301, "AB": -157.72184831223998}, "081_Ammoniadimer": {"A": -11.150206140274, "B": -11.150206140274, "AB": -22.303100727140997}, "087_2pyridoxine2aminopyridinecomplex": {"A": -54.73029047737, "B": -49.33876751446999, "AB": -104.08278190588999}, "084_Formicaciddimer": {"A": -37.42306449011, "B": -37.42306449011, "AB": -74.86015056117}, "092_Pyrazinedimer": {"A": -42.84294518635, "B": -42.842931589219994, "AB": -85.68103362485999}, "090_Ethenedimer": {"A": -12.937086355859998, "B": -12.937086355859998, "AB": -25.873445669503997}, "099_BenzeneHCNcomplex": {"A": -35.665264456455, "B": -15.475861364416998, "AB": -51.14311989511}, "086_Uracildimerhbonded": {"A": -73.81740025859999, "B": -73.81740025859999, "AB": -147.65310666405998}, "094_Indolebenzenecomplexstack": {"A": -35.66509706476, "B": -56.55106635359999, "AB": -92.20851889137998}, "097_Benzenewatercomplex": {"A": -35.665133777011, "B": -16.539595603229998, "AB": -52.20601085462}, "098_Benzeneammoniacomplex": {"A": -35.66500335481, "B": -11.149737994762999, "AB": -46.814804668099995}, "088_AdeninethymineWatsonCrickcomplex": {"A": -77.43095441792, "B": -80.29839216027999, "AB": -157.74105039971997}, "093_Uracildimerstack": {"A": -73.81671929963, "B": -73.81671929963, "AB": -147.63231334488}, "096_Etheneethynecomplex": {"A": -12.937049312868, "B": -11.828199061734999, "AB": -24.766277897838}, "091_Benzenedimerparalleldisplaced": {"A": -35.664904646996, "B": -35.664904646996, "AB": -71.32389829083999}, "083_BenzeneMethanecomplex": {"A": -35.66480711515, "B": -7.553060519700999, "AB": -43.216711180569995}, "102_Phenoldimer": {"A": -51.126199553039996, "B": -51.12683237081999, "AB": -102.25435893024999}, "089_Methanedimer": {"A": -7.55385433485, "B": -7.55385433485, "AB": -15.107514193992}}