{"101_IndolebenzeneTshapecomplex": {"A": -37.774061171419994, "B": -59.739663161699994, "AB": -97.51368684914}, "082_Waterdimer": {"A": -17.286979052211997, "B": -17.286863807348, "AB": -34.580840861382995}, "085_Formamidedimer": {"A": -33.568491389556996, "B": -33.568491389556996, "AB": -67.15773545389999}, "100_BenzenedimerTshaped": {"A": -37.77421735467, "B": -37.77409534799, "AB": -75.54626174097}, "095_Adeninethyminecomplexstack": {"A": -81.36907023288998, "B": -84.23985360420998, "AB": -165.60431367504998}, "081_Ammoniadimer": {"A": -11.778036713484001, "B": -11.778036713484001, "AB": -23.559533602561}, "087_2pyridoxine2aminopyridinecomplex": {"A": -57.544274594289995, "B": -52.03353714040999, "AB": -109.59882260795999}, "084_Formicaciddimer": {"A": -39.07264184243, "B": -39.07264184243, "AB": -78.17099255027999}, "092_Pyrazinedimer": {"A": -45.11233778748999, "B": -45.112234522799994, "AB": -90.21971666491999}, "090_Ethenedimer": {"A": -13.763670477913, "B": -13.763670477913, "AB": -27.526419621646998}, "099_BenzeneHCNcomplex": {"A": -37.774027729829996, "B": -16.244726073859, "AB": -54.021239836789995}, "086_Uracildimerhbonded": {"A": -77.34049491697, "B": -77.34049491697, "AB": -154.70790039165996}, "094_Indolebenzenecomplexstack": {"A": -37.77402625987, "B": -59.73972085763, "AB": -97.50499460817}, "097_Benzenewatercomplex": {"A": -37.77406374384999, "B": -17.286767782211, "AB": -55.06236840599}, "098_Benzeneammoniacomplex": {"A": -37.774121439780004, "B": -11.777768078293999, "AB": -49.55179485264999}, "088_AdeninethymineWatsonCrickcomplex": {"A": -81.37011831437, "B": -84.23932111119998, "AB": -165.62878079175997}, "093_Uracildimerstack": {"A": -77.34111340264, "B": -77.34111340264, "AB": -154.68206694713}, "096_Etheneethynecomplex": {"A": -13.763706859423, "B": -12.518047798579998, "AB": -26.282851358409996}, "091_Benzenedimerparalleldisplaced": {"A": -37.77408248584, "B": -37.77408248584, "AB": -75.54142336763}, "083_BenzeneMethanecomplex": {"A": -37.774063008869994, "B": -8.098166705226, "AB": -45.87076989682}, "102_Phenoldimer": {"A": -53.85651170931, "B": -53.856518691619996, "AB": -107.71700995014}, "089_Methanedimer": {"A": -8.098150572415, "B": -8.098150572415, "AB": -16.195793898383}}