{"101_IndolebenzeneTshapecomplex": {"A": -37.773323251499995, "B": -59.73611504575, "AB": -97.50599234351999}, "082_Waterdimer": {"A": -17.282395974175, "B": -17.282385316964998, "AB": -34.569353675218}, "085_Formamidedimer": {"A": -33.560954647394, "B": -33.560954647394, "AB": -67.13815374925}, "100_BenzenedimerTshaped": {"A": -37.77337433261, "B": -37.773418798899996, "AB": -75.54213152086}, "095_Adeninethyminecomplexstack": {"A": -81.35546612058, "B": -84.22057213888999, "AB": -165.56351236282}, "081_Ammoniadimer": {"A": -11.777148122664, "B": -11.777148122664, "AB": -23.555565555788}, "087_2pyridoxine2aminopyridinecomplex": {"A": -57.53446481622999, "B": -52.02717184612, "AB": -109.57798886488}, "084_Formicaciddimer": {"A": -39.06134703728, "B": -39.06134703728, "AB": -78.14358808600001}, "092_Pyrazinedimer": {"A": -45.10725025593, "B": -45.10718557769, "AB": -90.20547348749999}, "090_Ethenedimer": {"A": -13.764887200554, "B": -13.764887200554, "AB": -27.526471143744995}, "099_BenzeneHCNcomplex": {"A": -37.77335375317, "B": -16.244901844325998, "AB": -54.018273090019996}, "086_Uracildimerhbonded": {"A": -77.32176909652999, "B": -77.32176909652999, "AB": -154.66540458304}, "094_Indolebenzenecomplexstack": {"A": -37.77338719476, "B": -59.73610181610999, "AB": -97.49586284915999}, "097_Benzenewatercomplex": {"A": -37.773379477469994, "B": -17.282275400706, "AB": -55.05502228088999}, "098_Benzeneammoniacomplex": {"A": -37.77338204989999, "B": -11.776959857537, "AB": -49.54821182515}, "088_AdeninethymineWatsonCrickcomplex": {"A": -81.35646606086999, "B": -84.21963871428999, "AB": -165.59035419990997}, "093_Uracildimerstack": {"A": -77.32247467732999, "B": -77.32247467732999, "AB": -154.63862301430999}, "096_Etheneethynecomplex": {"A": -13.764885399852998, "B": -12.519719951577999, "AB": -26.284384306196}, "091_Benzenedimerparalleldisplaced": {"A": -37.77341549148999, "B": -37.77341549148999, "AB": -75.53652693087}, "083_BenzeneMethanecomplex": {"A": -37.773430558579996, "B": -8.09989008633, "AB": -45.86987799858999}, "102_Phenoldimer": {"A": -53.848806178989996, "B": -53.84893480048999, "AB": -107.69756678921999}, "089_Methanedimer": {"A": -8.099881413565999, "B": -8.099881413565999, "AB": -16.198035513885}}